"CustomerID";"Recency";"Frequency";"Monetary";"Cluster"
"12722";5034;4;"998";2
"14540";5314;3;"996";1
"15110";5247;4;"996";0
"16009";5183;4;"993";0
"16232";5158;4;"991";0
"14223";5154;3;"991";0
"17324";5040;4;"990";2
"17939";5309;1;"99";1
"15062";5219;4;"988";0
"16376";5363;2;"987";1
"18237";5033;5;"987";2
"13117";5094;8;"985";2
"17144";5151;2;"985";0
"15071";5129;2;"982";2
"15133";5069;3;"982";2
"16907";5091;5;"982";2
"16085";5031;5;"982";2
"16188";5067;4;"982";2
"14138";5151;2;"982";0
"12541";5091;3;"981";2
"13509";5068;7;"980";2
"18170";5213;3;"980";0
"18033";5245;1;"98";0
"14920";5066;2;"978";2
"15860";5186;8;"977";0
"14522";5154;4;"975";0
"15449";5188;3;"975";0
"13026";5129;5;"975";2
"12994";5063;3;"974";2
"15747";5063;3;"974";2
"17618";5251;3;"972";0
"13155";5213;4;"972";0
"16419";5129;6;"972";2
"17325";5282;1;"97";1
"14256";5455;2;"969";1
"15907";5212;3;"967";0
"13138";5697;6;"962";3
"14006";5037;3;"962";2
"15156";5151;3;"961";0
"17024";5248;3;"96";0
"14642";5031;1;"96";2
"14629";5243;2;"959";0
"13823";5123;2;"958";2
"12697";5060;3;"958";2
"15948";5363;2;"955";1
"17097";5182;8;"954";0
"15421";5031;4;"950";2
"13636";5124;5;"949";2
"13748";5190;5;"948";0
"15787";5122;3;"948";2
"15707";5214;4;"946";0
"17289";5035;3;"944";2
"14075";5243;3;"942";0
"12820";5212;4;"942";0
"15576";5333;1;"941";1
"15289";5091;3;"940";2
"13651";5274;2;"94";1
"13283";5061;2;"94";2
"18227";5219;1;"94";0
"17527";5250;4;"939";0
"17227";5092;6;"939";2
"14140";5152;2;"935";0
"16027";5100;6;"935";2
"14081";5100;2;"935";2
"12924";5032;4;"934";2
"13655";5037;2;"933";2
"18133";5066;1;"932";2
"17552";5092;4;"930";2
"12821";5127;1;"93";2
"14231";5126;3;"926";2
"14475";5161;3;"926";0
"17048";5040;3;"925";2
"13805";5336;2;"925";1
"15312";5158;4;"925";0
"16551";5193;3;"922";0
"13122";5215;2;"922";0
"17323";5122;7;"921";2
"13984";5247;5;"921";0
"13075";5336;1;"920";1
"12652";5040;1;"920";2
"14054";5245;1;"92";0
"12789";5245;1;"92";0
"12659";5091;1;"92";2
"13549";5034;7;"918";2
"15253";5032;5;"918";2
"14712";5091;3;"917";2
"17236";5067;6;"916";2
"16809";5122;5;"915";2
"14141";5061;4;"915";2
"15587";5062;4;"914";2
"15364";5246;2;"913";0
"13782";5186;6;"912";0
"13192";5246;2;"912";0
"14289";5037;6;"911";2
"18096";5184;3;"911";0
"13689";5184;1;"910";0
"17511";5037;31;"91,062";2
"13947";5245;1;"91";0
"15488";5154;1;"91";0
"14353";5158;1;"91";0
"15511";5364;5;"909";1
"13038";5126;3;"908";2
"14449";5190;4;"907";0
"16716";5373;2;"901";1
"17848";5281;9;"901";1
"17566";5363;2;"901";1
"17886";5152;3;"900";0
"15552";5219;1;"90";0
"14219";5243;1;"90";0
"16597";5243;1;"90";0
"12590";5036;2;"9,864";2
"13001";5157;13;"9,819";0
"13199";5152;38;"9,817";0
"15078";5124;32;"9,743";2
"12709";5031;15;"9,737";2
"13458";5037;14;"9,647";2
"14733";5070;12;"9,586";2
"16523";5062;21;"9,418";2
"12567";5157;10;"9,401";0
"14367";5064;16;"9,262";2
"14667";5099;25;"9,241";2
"18092";5033;11;"9,068";2
"13969";5061;18;"9,054";2
"12451";5245;5;"9,036";0
"13662";5066;3;"898";2
"17537";5091;2;"898";2
"15079";5066;4;"896";2
"15865";5032;3;"895";2
"15211";5092;2;"894";2
"12772";5061;1;"892";2
"15255";5275;1;"891";1
"13515";5220;4;"891";0
"14344";5129;8;"890";2
"17007";5127;6;"890";2
"14240";5121;2;"890";2
"17027";5372;6;"890";1
"12686";5669;1;"89";3
"14436";5335;1;"89";1
"14623";5183;5;"889";0
"16347";5305;2;"888";1
"16900";5184;3;"887";0
"17109";5091;6;"885";2
"15822";5212;2;"885";0
"15799";5131;3;"884";2
"14597";5369;2;"883";1
"18236";5091;6;"882";2
"13037";5280;3;"881";1
"15180";5547;1;"88";3
"15653";5154;2;"877";0
"15100";5101;3;"876";2
"16513";5243;4;"875";0
"13294";5281;2;"874";1
"15208";5151;5;"870";0
"12694";5126;2;"870";2
"13200";5247;4;"870";0
"13203";5063;4;"869";2
"14912";5190;2;"868";0
"16235";5070;5;"867";2
"14715";5040;4;"867";2
"16121";5158;2;"867";0
"16567";5193;2;"866";0
"14332";5275;3;"866";1
"16221";5129;3;"865";2
"13846";5067;3;"865";2
"12680";5062;4;"863";2
"14577";5394;4;"860";1
"12794";5335;2;"860";1
"17064";5031;3;"859";2
"14553";5213;5;"859";0
"16163";5485;2;"857";3
"12693";5036;4;"856";2
"17560";5187;4;"855";0
"16037";5161;3;"855";0
"16877";5095;6;"854";2
"14193";5306;2;"853";1
"16070";5183;2;"852";0
"16020";5245;3;"851";0
"13841";5371;1;"85";1
"15729";5066;1;"85";2
"13666";5092;3;"85";2
"12713";5120;1;"849";2
"14657";5187;4;"848";0
"16924";5214;3;"847";0
"14803";5129;3;"846";2
"15965";5060;4;"846";2
"15164";5284;3;"843";1
"17624";5250;2;"843";0
"17929";5283;4;"843";1
"17076";5068;3;"841";2
"12401";5130;1;"84";2
"13940";5214;4;"839";0
"17115";5096;3;"838";2
"16554";5040;3;"837";2
"16747";5306;2;"836";1
"17169";5126;2;"836";2
"12728";5070;4;"836";2
"13835";5158;4;"835";0
"16644";5066;2;"834";2
"15862";5363;4;"833";1
"14644";5306;2;"831";1
"17309";5246;1;"83";0
"13681";5187;4;"828";0
"12781";5184;2;"827";0
"12461";5156;2;"827";0
"17921";5214;4;"827";0
"15525";5182;3;"826";0
"12427";5092;3;"826";2
"16284";5152;2;"824";0
"12778";5126;6;"822";2
"17764";5036;2;"819";2
"13220";5188;4;"819";0
"16943";5036;3;"817";2
"15649";5193;2;"816";0
"15399";5151;3;"816";0
"14499";5221;3;"815";0
"13811";5126;3;"815";2
"16460";5060;3;"815";2
"13280";5124;3;"815";2
"16600";5243;6;"814";0
"14421";5036;2;"813";2
"16621";5158;4;"813";0
"13637";5249;3;"811";0
"16891";5151;5;"810";0
"16029";5061;63;"81,025";2
"17620";5061;1;"81";2
"16789";5363;1;"81";1
"18281";5035;1;"81";2
"17114";5131;8;"809";2
"15533";5062;3;"808";2
"15952";5213;4;"807";0
"12422";5246;3;"804";0
"16367";5333;2;"804";1
"18248";5124;2;"804";2
"18265";5278;2;"802";1
"15831";5031;3;"802";2
"16806";5311;4;"801";1
"15561";5158;4;"801";0
"17905";5217;4;"800";0
"13747";5728;1;"80";3
"13488";5040;13;"8,968";2
"13090";5152;14;"8,911";0
"16033";5036;20;"8,816";2
"17017";5182;20;"8,694";0
"17243";5060;26;"8,677";2
"17306";5160;19;"8,631";0
"16656";5034;15;"8,626";2
"14527";5032;55;"8,509";2
"12683";5036;15;"8,477";2
"15358";5032;22;"8,347";2
"16558";5068;20;"8,338";2
"14056";5066;23;"8,215";2
"14936";5129;8;"8,137";2
"16672";5037;20;"8,135";2
"13854";5032;25;"8,110";2
"14952";5032;11;"8,099";2
"18109";5035;26;"8,053";2
"14796";5064;17;"8,022";2
"13030";5577;2;"799";3
"17703";5274;3;"799";1
"12701";5067;2;"798";2
"16438";5273;5;"798";1
"17180";5037;4;"796";2
"14976";5099;7;"791";2
"13167";5306;4;"791";1
"16759";5121;3;"790";2
"13016";5155;3;"790";0
"15753";5161;1;"79";0
"16078";5372;1;"79";1
"13329";5152;2;"789";0
"13323";5183;5;"788";0
"13884";5062;5;"788";2
"13212";5122;3;"788";2
"16546";5697;2;"787";3
"13109";5061;2;"787";2
"12628";5213;3;"786";0
"15806";5160;3;"785";0
"15743";5157;4;"784";0
"17387";5213;2;"784";0
"18136";5036;3;"784";2
"17006";5152;4;"782";0
"13583";5187;1;"781";0
"15679";5096;4;"781";2
"17341";5217;3;"781";0
"16725";5100;7;"781";2
"17797";5096;3;"780";2
"12735";5223;2;"780";0
"17942";5332;1;"78";1
"13375";5032;1;"779";2
"14815";5305;2;"779";1
"16505";5152;1;"778";0
"17414";5157;2;"778";0
"15353";5547;2;"777";3
"15618";5154;4;"777";0
"13314";5151;3;"776";0
"16825";5188;2;"775";0
"15414";5067;3;"775";2
"14234";5121;4;"775";2
"16043";5036;4;"774";2
"12965";5062;1;"772";2
"17409";5157;2;"772";0
"14662";5060;4;"771";2
"16770";5697;5;"770";3
"13992";5121;1;"77";2
"17516";5033;5;"768";2
"14672";5193;2;"766";0
"17268";5034;4;"764";2
"14883";5036;6;"762";2
"16205";5121;4;"761";2
"15668";5219;1;"76";0
"16610";5280;1;"76";1
"17995";5313;1;"76";1
"18113";5577;1;"76";3
"17425";5092;2;"759";2
"12413";5223;3;"758";0
"15568";5182;3;"758";0
"17979";5274;4;"758";1
"17461";5091;3;"757";2
"15223";5281;2;"756";1
"13370";5669;1;"755";3
"18104";5333;1;"755";1
"13730";5368;2;"753";1
"15656";5311;4;"749";1
"13623";5121;5;"748";2
"14201";5092;7;"747";2
"16261";5190;4;"747";0
"14050";5152;2;"746";0
"13950";5190;4;"745";0
"14790";5033;4;"745";2
"15252";5126;2;"741";2
"13900";5126;3;"741";2
"17692";5192;4;"741";0
"17974";5280;3;"741";1
"18032";5131;1;"74";2
"12976";5036;1;"739";2
"15045";5064;2;"736";2
"15215";5276;3;"735";1
"16362";5061;5;"735";2
"18156";5608;2;"735";3
"16146";5248;3;"734";0
"17812";5364;4;"732";1
"13575";5031;5;"732";2
"13736";5273;2;"732";1
"14778";5277;2;"731";1
"12468";5249;2;"730";0
"18035";5274;3;"730";1
"17906";5220;1;"73";0
"16171";5061;1;"73";2
"13077";5151;4;"729";0
"17666";5212;2;"728";0
"14869";5363;2;"726";1
"17888";5061;8;"726";2
"16140";5245;2;"725";0
"12723";5212;5;"725";0
"15636";5062;2;"725";2
"17521";5091;3;"723";2
"18062";5223;3;"721";0
"13686";5096;1;"72";2
"13938";5274;1;"72";1
"15274";5243;2;"717";0
"17884";5212;4;"717";0
"15400";5154;5;"716";0
"12535";5123;2;"716";2
"15330";5092;2;"715";2
"15757";5219;2;"714";0
"13147";5121;4;"713";2
"17761";5183;1;"713";0
"12616";5246;2;"713";0
"13169";5184;2;"713";0
"13587";5184;1;"712";0
"13705";5332;3;"712";1
"17642";5033;2;"712";2
"15855";5126;5;"712";2
"13249";5154;3;"711";0
"17472";5369;3;"710";1
"14127";5124;3;"710";2
"14867";5188;3;"710";0
"17022";5152;1;"71";0
"16136";5061;3;"709";2
"16449";5282;2;"708";1
"15951";5363;2;"708";1
"14880";5188;3;"706";0
"14126";5332;3;"706";1
"16882";5275;3;"705";1
"16015";5212;3;"705";0
"15038";5031;6;"705";2
"17934";5031;2;"704";2
"15103";5152;2;"703";0
"12883";5062;4;"703";2
"16997";5314;3;"702";1
"15574";5697;4;"702";3
"17321";5306;2;"701";1
"18037";5156;6;"70";0
"12428";5063;9;"7,956";2
"15290";5152;18;"7,943";0
"14849";5033;25;"7,931";2
"12757";5036;13;"7,857";2
"17811";5032;39;"7,838";2
"13093";5129;8;"7,832";2
"13629";5121;11;"7,792";2
"15044";5037;17;"7,700";2
"15194";5152;15;"7,617";0
"18172";5036;20;"7,562";2
"13263";5036;35;"7,454";2
"12474";5034;18;"7,376";2
"12980";5040;9;"7,375";2
"15465";5035;18;"7,355";2
"17396";5306;8;"7,331";1
"12583";5031;15;"7,281";2
"13018";5121;28;"7,278";2
"18229";5031;20;"7,277";2
"16923";5095;19;"7,248";2
"16729";5037;21;"7,240";2
"16745";5033;17;"7,194";2
"16873";5122;6;"7,124";2
"13324";5062;10;"7,122";2
"13985";5031;15;"7,060";2
"14961";5123;9;"7,045";2
"16454";5214;2;"7";0
"15800";5190;2;"699";0
"14829";5091;4;"698";2
"15053";5217;3;"698";0
"17796";5131;4;"698";2
"17423";5219;2;"698";0
"13596";5273;2;"697";1
"14959";5158;4;"695";0
"15304";5092;8;"694";2
"12925";5243;2;"694";0
"14111";5037;4;"693";2
"13601";5036;2;"693";2
"12410";5283;2;"693";1
"13838";5273;4;"692";1
"17198";5485;3;"692";3
"17733";5364;2;"692";1
"13023";5214;2;"690";0
"16212";5372;2;"690";1
"18085";5728;2;"690";3
"17502";5091;4;"689";2
"15181";5275;3;"689";1
"18196";5246;2;"689";0
"16642";5243;2;"688";0
"16122";5070;4;"684";2
"12942";5485;3;"684";3
"16495";5160;3;"684";0
"12838";5213;2;"683";0
"15582";5311;3;"683";1
"17874";5188;6;"683";0
"18135";5091;5;"682";2
"13548";5098;2;"682";2
"12478";5212;1;"681";0
"13524";5280;5;"680";1
"16872";5157;3;"680";0
"14393";5250;1;"68";0
"14788";5332;2;"679";1
"13925";5094;4;"678";2
"17994";5068;4;"678";2
"13040";5213;2;"677";0
"17462";5092;2;"676";2
"13355";5124;1;"675";2
"16418";5154;3;"675";0
"13464";5031;1;"675";2
"14504";5098;4;"673";2
"18121";5156;2;"673";0
"17883";5190;4;"672";0
"14628";5067;2;"672";2
"12638";5213;1;"672";0
"17299";5062;4;"669";2
"14342";5152;4;"669";0
"15031";5121;4;"668";2
"13741";5126;3;"668";2
"18022";5274;1;"668";1
"17105";5222;2;"666";0
"15969";5182;3;"666";0
"13963";5283;4;"665";1
"13240";5276;4;"664";1
"14720";5062;3;"664";2
"15643";5341;3;"664";1
"14451";5092;2;"663";2
"16014";5095;3;"662";2
"16774";5306;4;"662";1
"18218";5036;2;"662";2
"14603";5099;1;"660";2
"16684";5243;28;"66,654";0
"14150";5274;2;"659";1
"16357";5097;3;"659";2
"13759";5213;2;"659";0
"15492";5060;2;"659";2
"12577";5274;3;"658";1
"16696";5097;4;"658";2
"13049";5214;2;"657";0
"17459";5092;2;"657";2
"16444";5246;4;"655";0
"14651";5036;2;"655";2
"14548";5034;2;"653";2
"14044";5314;4;"653";1
"15205";5277;2;"653";1
"14034";5248;3;"652";0
"16969";5369;3;"650";1
"16469";5190;4;"650";0
"15571";5213;4;"650";0
"14096";5091;17;"65,165";2
"13694";5097;50;"65,040";2
"17382";5245;1;"65";0
"12589";5060;2;"647";2
"14855";5033;2;"646";2
"15651";5305;3;"646";1
"12719";5245;2;"645";0
"17312";5187;3;"644";0
"16431";5097;3;"643";2
"14020";5032;2;"643";2
"13034";5608;2;"643";3
"17046";5248;1;"642";0
"15297";5091;3;"642";2
"13318";5151;3;"641";0
"13417";5243;2;"641";0
"15919";5577;2;"640";3
"13302";5187;1;"64";0
"13130";5215;1;"64";0
"17515";5152;4;"639";0
"14664";5213;2;"638";0
"14128";5092;2;"638";2
"15829";5366;2;"636";1
"15773";5273;1;"636";1
"14000";5036;1;"636";2
"13892";5190;4;"633";0
"14220";5220;2;"632";0
"14021";5036;3;"632";2
"15244";5245;2;"632";0
"16306";5069;6;"632";2
"13822";5273;2;"632";1
"18183";5099;2;"632";2
"13539";5314;3;"631";1
"13218";5277;1;"63";1
"14437";5485;1;"63";3
"13525";5251;2;"629";0
"13046";5121;2;"629";2
"15028";5363;4;"627";1
"13914";5305;2;"626";1
"16718";5608;1;"624";3
"16750";5094;5;"624";2
"12649";5066;3;"624";2
"15182";5156;2;"623";0
"13368";5223;2;"623";0
"15258";5219;2;"623";0
"16915";5251;6;"622";0
"17460";5215;6;"622";0
"18217";5091;2;"622";2
"13402";5277;2;"621";1
"12667";5031;1;"620";2
"16141";5032;1;"620";2
"14529";5092;3;"620";2
"13493";5129;2;"619";2
"13145";5123;4;"619";2
"12596";5067;2;"618";2
"13301";5278;4;"618";1
"16442";5151;3;"617";0
"14377";5369;2;"617";1
"14905";5248;2;"616";0
"16005";5096;4;"615";2
"15275";5333;1;"615";1
"16116";5036;1;"613";2
"16109";5250;2;"612";0
"18149";5068;3;"612";2
"12673";5273;2;"611";1
"13731";5190;2;"611";0
"14636";5305;2;"610";1
"12933";5372;3;"608";1
"15573";5152;2;"607";0
"17119";5061;2;"607";2
"14133";5336;3;"606";1
"17849";5101;4;"606";2
"17507";5314;2;"606";1
"14710";5061;4;"606";2
"13888";5033;2;"606";2
"13558";5122;4;"605";2
"12944";5274;2;"605";1
"17664";5066;2;"605";2
"13233";5193;2;"605";0
"16732";5152;1;"604";0
"12556";5064;2;"604";2
"17259";5577;2;"603";3
"12654";5333;5;"602";1
"16654";5249;4;"601";0
"12872";5485;2;"600";3
"12420";5184;1;"600";0
"18211";5221;5;"600";0
"15311";5031;91;"60,768";2
"17174";5219;1;"60";0
"13682";5249;1;"60";0
"12766";5131;7;"6,990";2
"12989";5032;15;"6,924";2
"16713";5037;15;"6,923";2
"13027";5187;6;"6,912";0
"16187";5152;15;"6,911";0
"17416";5091;7;"6,893";2
"12705";5159;9;"6,868";0
"12476";5250;11;"6,816";0
"12830";5123;6;"6,815";2
"15023";5160;11;"6,803";0
"18055";5308;10;"6,784";1
"15601";5062;14;"6,777";2
"16652";5031;7;"6,774";2
"16532";5254;3;"6,749";0
"13576";5091;18;"6,717";2
"16746";5033;18;"6,698";2
"15249";5033;13;"6,688";2
"16353";5040;23;"6,676";2
"17338";5040;8;"6,644";2
"12626";5214;9;"6,620";0
"16182";5367;4;"6,618";1
"15144";5031;17;"6,580";2
"12472";5183;7;"6,572";0
"16814";5037;21;"6,509";2
"12431";5033;15;"6,487";2
"18223";5221;14;"6,485";0
"15694";5091;14;"6,479";2
"13225";5092;7;"6,464";2
"13102";5070;24;"6,424";2
"13871";5099;13;"6,403";2
"12359";5040;4;"6,373";2
"13668";5067;21;"6,364";2
"13709";5212;13;"6,328";0
"15005";5131;28;"6,317";2
"17315";5036;38;"6,292";2
"16126";5091;4;"6,288";2
"14057";5062;17;"6,218";2
"12357";5213;1;"6,208";0
"14060";5101;19;"6,140";2
"13418";5066;18;"6,127";2
"17509";5092;8;"6,115";2
"15939";5035;15;"6,115";2
"14735";5212;32;"6,066";0
"12637";5123;8;"6,022";2
"13097";5124;10;"6,010";2
"14792";5184;1;"6";0
"13311";5034;2;"599";2
"14965";5276;2;"599";1
"17420";5728;3;"599";3
"13959";5313;3;"598";1
"14108";5121;2;"598";2
"16298";5218;3;"598";0
"17864";5062;3;"598";2
"16788";5155;2;"597";0
"15381";5097;2;"597";2
"14645";5129;2;"597";2
"14284";5121;2;"595";2
"17658";5036;2;"595";2
"15442";5251;1;"594";0
"12917";5308;1;"594";1
"16325";5159;3;"594";0
"16535";5273;1;"594";1
"16203";5031;4;"593";2
"18232";5248;4;"593";0
"13276";5184;2;"591";0
"14882";5213;2;"590";0
"13270";5516;1;"590";3
"16723";5123;2;"589";2
"18123";5152;2;"589";0
"14338";5368;2;"588";1
"17351";5068;3;"587";2
"17360";5157;3;"586";0
"17014";5183;3;"586";0
"12384";5060;2;"585";2
"16384";5062;2;"585";2
"13557";5060;2;"584";2
"14023";5312;2;"584";1
"15762";5245;2;"584";0
"13427";5063;3;"583";2
"17970";5036;1;"583";2
"12695";5275;4;"582";1
"16906";5218;4;"580";0
"18095";5070;2;"580";2
"13089";5037;97;"58,826";2
"17949";5034;45;"58,510";2
"13292";5364;2;"579";1
"14176";5547;4;"577";3
"12601";5070;5;"577";2
"16916";5697;2;"576";3
"15550";5069;4;"576";2
"15830";5333;1;"576";1
"13487";5097;3;"575";2
"14167";5040;4;"575";2
"15339";5275;2;"574";1
"12879";5123;3;"573";2
"13379";5334;3;"573";1
"12816";5246;2;"572";0
"13816";5214;2;"572";0
"15821";5122;2;"571";2
"17616";5547;3;"571";3
"15315";5214;2;"571";0
"16667";5334;2;"570";1
"14592";5214;3;"570";0
"13939";5373;3;"569";1
"17897";5547;3;"567";3
"18150";5183;3;"567";0
"13894";5342;3;"565";1
"15344";5120;3;"564";2
"16933";5151;2;"563";0
"17265";5035;2;"563";2
"12559";5342;2;"562";1
"12414";5219;3;"562";0
"15655";5098;1;"561";2
"14273";5067;4;"560";2
"18043";5516;3;"560";3
"15769";5121;26;"56,253";2
"15899";5577;1;"56";3
"17503";5182;2;"559";0
"14177";5246;4;"559";0
"12866";5372;1;"559";1
"13800";5314;1;"558";1
"13260";5122;1;"558";2
"17295";5060;3;"557";2
"17955";5250;4;"557";0
"16385";5092;3;"556";2
"14891";5249;2;"554";0
"14618";5223;3;"553";0
"12363";5067;2;"552";2
"17291";5283;1;"551";1
"17674";5577;2;"551";3
"17235";5697;2;"550";3
"16031";5154;2;"549";0
"16211";5032;1;"547";2
"16811";5243;2;"547";0
"17637";5152;2;"547";0
"14997";5032;3;"546";2
"12793";5131;2;"545";2
"13617";5035;3;"544";2
"16475";5032;4;"544";2
"16927";5160;3;"543";0
"16230";5310;2;"542";1
"15061";5036;48;"54,534";2
"13812";5214;3;"539";0
"14496";5373;2;"539";1
"15452";5091;3;"539";2
"15469";5063;2;"539";2
"17062";5485;4;"538";3
"15539";5332;1;"538";1
"17345";5185;4;"538";0
"16233";5516;3;"537";3
"15043";5152;1;"537";0
"16206";5186;4;"537";0
"13000";5455;3;"535";1
"16142";5281;1;"535";1
"17443";5280;1;"534";1
"13434";5276;2;"534";1
"13217";5124;3;"534";2
"15756";5095;4;"533";2
"15433";5097;2;"533";2
"16706";5333;3;"531";1
"14463";5335;3;"530";1
"14002";5217;2;"530";0
"18159";5069;1;"530";2
"17631";5151;3;"528";0
"16602";5305;1;"528";1
"17623";5183;1;"527";0
"16892";5091;5;"526";2
"17290";5212;2;"525";0
"15467";5095;3;"525";2
"17429";5188;3;"525";0
"13721";5305;1;"524";1
"18017";5342;3;"523";1
"14871";5212;4;"522";0
"12571";5094;2;"520";2
"14682";5249;2;"52";0
"14865";5332;2;"52";1
"16955";5157;4;"519";0
"13643";5152;3;"519";0
"18205";5305;2;"517";1
"15809";5100;5;"516";2
"15882";5577;4;"516";3
"13043";5068;1;"516";2
"13005";5190;2;"514";0
"16561";5061;2;"511";2
"15406";5069;2;"511";2
"14298";5121;44;"51,527";2
"13011";5697;1;"51";3
"14317";5214;1;"509";0
"12436";5366;1;"509";1
"16898";5577;3;"509";3
"13885";5310;2;"507";1
"14820";5213;4;"507";0
"16960";5092;3;"507";2
"16614";5096;1;"506";2
"15081";5245;5;"505";0
"16863";5152;2;"503";0
"13865";5031;4;"502";2
"15881";5455;5;"501";1
"16616";5248;2;"500";0
"14958";5159;3;"500";0
"14088";5308;13;"50,492";1
"13316";5333;4;"5,978";1
"15382";5157;6;"5,956";0
"14505";5097;8;"5,906";2
"14415";5096;13;"5,900";2
"14944";5091;12;"5,900";2
"13209";5121;8;"5,892";2
"13534";5161;25;"5,870";0
"13050";5094;17;"5,837";2
"12720";5034;25;"5,782";2
"15218";5219;11;"5,757";0
"17686";5063;7;"5,739";2
"13178";5127;11;"5,725";2
"16553";5099;12;"5,720";2
"13468";5031;37;"5,705";2
"14110";5032;12;"5,683";2
"14049";5278;4;"5,682";1
"17049";5127;9;"5,660";2
"13004";5101;18;"5,656";2
"17716";5091;11;"5,656";2
"18118";5060;26;"5,654";2
"14688";5034;21;"5,631";2
"17757";5095;30;"5,605";2
"12481";5193;10;"5,596";0
"12839";5126;14;"5,591";2
"16767";5096;11;"5,581";2
"16161";5061;19;"5,576";2
"12539";5101;4;"5,568";2
"15805";5152;17;"5,528";0
"18225";5192;12;"5,509";0
"16609";5034;7;"5,493";2
"16985";5032;10;"5,464";2
"16265";5161;9;"5,447";0
"18198";5152;17;"5,426";0
"12490";5127;10;"5,418";2
"17809";5069;12;"5,412";2
"16701";5040;13;"5,398";2
"17719";5032;15;"5,396";2
"17850";5697;34;"5,391";3
"16303";5101;3;"5,361";2
"13269";5032;15;"5,346";2
"15150";5183;10;"5,314";0
"17730";5060;13;"5,298";2
"17061";5250;11;"5,232";0
"18226";5063;11;"5,228";2
"12362";5061;10;"5,226";2
"15046";5100;15;"5,214";2
"16258";5277;5;"5,204";1
"13756";5092;14;"5,190";2
"16191";5069;13;"5,181";2
"15727";5040;7;"5,179";2
"17858";5033;12;"5,156";2
"13599";5037;21;"5,154";2
"15903";5060;7;"5,127";2
"13941";5062;5;"5,113";2
"17602";5182;6;"5,103";0
"16700";5034;13;"5,077";2
"14562";5091;18;"5,075";2
"15301";5249;12;"5,070";0
"13139";5158;7;"5,065";0
"15719";5183;13;"5,046";0
"17426";5123;6;"5,037";2
"14329";5068;7;"5,015";2
"14755";5131;11;"5,010";2
"12444";5031;5;"5,005";2
"15193";5092;1;"499";2
"14681";5036;3;"499";2
"16488";5213;3;"499";0
"14077";5096;5;"499";2
"17495";5332;2;"498";1
"17053";5367;1;"498";1
"16820";5246;1;"498";0
"17298";5186;2;"498";0
"16368";5060;2;"497";2
"15300";5214;1;"496";0
"17374";5250;2;"496";0
"15018";5364;3;"496";1
"16352";5333;2;"494";1
"12763";5608;2;"494";3
"15877";5151;2;"493";0
"14270";5040;1;"493";2
"13732";5060;1;"492";2
"14236";5697;2;"491";3
"18074";5728;1;"490";3
"14821";5516;1;"49";3
"16643";5159;1;"488";0
"14396";5245;2;"488";0
"17361";5218;3;"488";0
"15165";5728;1;"488";3
"17453";5214;2;"487";0
"13338";5248;1;"487";0
"13675";5064;2;"487";2
"13153";5273;1;"486";1
"15109";5159;1;"485";0
"12808";5157;3;"484";0
"13531";5516;2;"484";3
"16518";5122;2;"484";2
"14450";5035;3;"483";2
"17555";5131;2;"483";2
"16693";5334;2;"482";1
"16603";5123;2;"482";2
"12504";5121;2;"482";2
"18216";5152;1;"482";0
"17950";5485;3;"482";3
"15091";5306;1;"481";1
"15589";5342;3;"479";1
"13092";5036;5;"478";2
"14320";5070;2;"478";2
"12644";5336;1;"478";1
"14853";5036;2;"476";2
"12447";5098;1;"476";2
"15780";5067;3;"475";2
"14497";5314;1;"475";1
"15557";5060;1;"474";2
"15349";5249;2;"474";0
"14013";5129;3;"473";2
"16374";5275;2;"473";1
"16038";5332;3;"472";1
"17964";5152;2;"472";0
"13066";5183;2;"471";0
"14431";5100;1;"470";2
"15471";5182;1;"469";0
"14896";5485;2;"469";3
"15026";5191;3;"469";0
"14335";5276;2;"468";1
"14029";5184;2;"468";0
"13579";5608;2;"467";3
"13248";5186;2;"466";0
"13928";5152;4;"465";0
"17140";5220;1;"465";0
"16586";5251;1;"464";0
"12787";5123;3;"464";2
"14331";5186;2;"463";0
"12491";5364;1;"460";1
"14080";5183;1;"46";0
"15754";5190;3;"459";0
"12355";5127;1;"459";2
"16589";5368;3;"459";1
"13506";5608;2;"459";3
"17880";5455;1;"459";1
"17392";5222;2;"458";0
"15092";5158;2;"458";0
"12375";5335;2;"458";1
"12999";5159;3;"456";0
"16529";5338;1;"455";1
"14184";5275;1;"453";1
"18158";5032;2;"453";2
"18071";5485;2;"453";3
"12970";5332;4;"452";1
"14173";5280;4;"451";1
"13489";5248;4;"450";0
"17579";5243;3;"449";0
"15739";5275;1;"449";1
"15646";5190;3;"448";0
"15889";5217;2;"447";0
"15456";5372;3;"447";1
"14149";5311;1;"447";1
"17370";5154;4;"446";0
"17190";5031;2;"445";2
"18222";5154;1;"443";0
"13359";5184;1;"440";0
"13954";5151;2;"440";0
"16025";5091;1;"440";2
"15749";5070;3;"44,534";2
"15423";5364;1;"44";1
"16968";5243;2;"439";0
"12592";5097;2;"438";2
"16034";5070;3;"438";2
"12552";5364;2;"438";1
"15553";5092;1;"437";2
"15551";5305;1;"436";1
"17035";5159;2;"434";0
"14460";5342;3;"434";1
"14910";5152;4;"434";0
"16881";5275;1;"432";1
"15976";5311;2;"431";1
"12827";5183;3;"430";0
"15450";5121;1;"430";2
"14998";5037;2;"430";2
"16884";5333;2;"430";1
"16324";5308;3;"429";1
"15957";5152;1;"429";0
"13602";5214;1;"429";0
"12802";5218;1;"428";0
"12740";5184;1;"428";0
"12725";5669;1;"428";3
"17869";5158;5;"428";0
"15930";5306;1;"427";1
"17223";5342;2;"427";1
"14288";5097;1;"427";2
"13140";5516;3;"424";3
"16119";5363;2;"423";1
"15012";5728;2;"423";3
"13473";5070;2;"423";2
"17232";5182;2;"422";0
"15206";5129;4;"420";2
"12931";5063;15;"42,056";2
"15992";5212;1;"42";0
"12593";5250;3;"418";0
"16629";5276;2;"418";1
"17701";5371;1;"418";1
"15935";5037;2;"417";2
"16957";5313;2;"417";1
"13166";5372;1;"417";1
"13889";5154;1;"417";0
"13085";5248;2;"416";0
"12580";5190;1;"416";0
"12993";5063;4;"415";2
"14333";5306;1;"415";1
"16795";5485;1;"415";3
"16239";5310;2;"414";1
"17483";5126;3;"414";2
"17052";5060;1;"414";2
"14620";5372;2;"413";1
"14670";5282;2;"412";1
"17913";5031;2;"412";2
"12990";5152;3;"410";0
"14048";5192;1;"410";0
"16243";5213;2;"409";0
"16018";5035;2;"409";2
"16010";5159;3;"408";0
"15184";5091;2;"407";2
"15127";5245;1;"407";0
"14616";5067;3;"406";2
"15342";5336;1;"406";1
"18036";5159;3;"406";0
"12922";5368;1;"405";1
"15938";5251;5;"405";0
"16484";5338;2;"404";1
"16319";5219;1;"404";0
"15221";5516;1;"403";3
"12386";5223;2;"402";0
"16500";5243;6;"401";0
"13255";5728;2;"400";3
"18164";5333;1;"400";1
"17841";5031;124;"40,992";2
"14589";5669;1;"40";3
"15032";5516;3;"4,959";3
"15547";5062;14;"4,955";2
"12437";5040;18;"4,951";2
"12700";5158;4;"4,940";0
"14709";5121;13;"4,921";2
"17133";5190;7;"4,892";0
"12664";5031;9;"4,882";2
"14292";5032;9;"4,872";2
"17652";5092;12;"4,868";2
"15738";5126;16;"4,812";2
"13013";5066;13;"4,811";2
"15555";5031;16;"4,805";2
"17365";5070;8;"4,802";2
"15298";5154;12;"4,800";0
"15187";5066;16;"4,777";2
"17690";5121;15;"4,758";2
"12955";5151;11;"4,757";0
"14180";5091;25;"4,749";2
"15152";5092;13;"4,746";2
"16722";5126;13;"4,731";2
"14159";5246;11;"4,693";0
"14135";5070;15;"4,690";2
"14191";5094;13;"4,685";2
"15291";5035;15;"4,668";2
"14189";5091;15;"4,654";2
"14390";5036;9;"4,653";2
"14286";5067;3;"4,629";2
"16931";5098;21;"4,604";2
"13802";5373;3;"4,599";1
"15093";5254;6;"4,597";0
"14004";5277;7;"4,583";1
"17613";5192;14;"4,559";0
"17068";5214;21;"4,552";0
"12484";5183;6;"4,542";0
"13267";5040;19;"4,521";2
"15299";5306;7;"4,507";1
"17975";5184;13;"4,489";0
"12524";5101;8;"4,486";2
"14426";5160;10;"4,482";0
"16984";5032;2;"4,481";2
"17364";5040;11;"4,481";2
"12627";5214;7;"4,479";0
"14085";5129;18;"4,449";2
"14534";5033;18;"4,447";2
"13069";5033;24;"4,436";2
"15955";5061;14;"4,416";2
"16626";5120;17;"4,413";2
"15874";5159;7;"4,406";0
"12712";5040;13;"4,396";2
"16945";5031;19;"4,346";2
"14016";5368;4;"4,341";1
"14800";5061;12;"4,340";2
"14525";5063;9;"4,332";2
"17567";5154;8;"4,331";0
"12347";5126;7;"4,310";2
"15034";5060;8;"4,309";2
"17937";5152;7;"4,301";0
"14422";5120;6;"4,264";2
"12500";5101;11;"4,258";2
"17419";5160;12;"4,227";0
"14277";5066;3;"4,216";2
"15804";5120;13;"4,206";2
"17920";5213;17;"4,204";0
"15971";5032;12;"4,200";2
"12747";5182;11;"4,196";0
"14146";5363;5;"4,191";1
"18041";5097;21;"4,183";2
"12949";5121;8;"4,167";2
"15570";5100;12;"4,166";2
"16549";5062;10;"4,155";2
"13384";5121;7;"4,152";2
"15514";5213;11;"4,139";0
"12569";5031;32;"4,125";2
"16592";5121;16;"4,114";2
"17940";5100;10;"4,106";2
"17377";5062;20;"4,101";2
"16401";5151;12;"4,098";0
"16670";5070;11;"4,096";2
"12749";5097;5;"4,091";2
"14092";5306;14;"4,077";1
"12449";5123;4;"4,067";2
"18087";5335;2;"4,056";1
"14401";5096;13;"4,051";2
"12867";5127;7;"4,037";2
"12841";5035;25;"4,022";2
"12957";5218;8;"4,018";0
"12378";5336;1;"4,009";1
"14547";5212;8;"4,008";0
"16186";5036;12;"4,007";2
"15522";5183;2;"399";0
"17830";5151;3;"399";0
"18154";5212;2;"399";0
"12508";5091;2;"398";2
"13352";5092;1;"398";2
"12824";5061;1;"397";2
"13673";5183;2;"397";0
"16354";5184;2;"396";0
"15883";5182;2;"396";0
"15264";5214;1;"394";0
"14619";5159;1;"394";0
"15386";5218;1;"394";0
"17226";5283;1;"393";1
"14600";5192;1;"393";0
"16917";5160;1;"392";0
"15837";5214;1;"392";0
"12982";5067;1;"391";2
"13873";5033;3;"390";2
"17936";5273;1;"390";1
"18024";5095;2;"390";2
"15098";5096;3;"39,917";2
"16659";5310;1;"39";1
"12977";5217;1;"39";0
"13899";5099;2;"389";2
"16250";5728;2;"389";3
"13856";5126;3;"389";2
"17595";5333;2;"389";1
"15847";5364;2;"389";1
"14538";5214;2;"388";0
"16776";5092;1;"388";2
"14420";5366;1;"388";1
"17817";5191;3;"388";0
"17508";5282;1;"387";1
"14114";5068;2;"387";2
"14779";5282;3;"386";1
"17250";5212;2;"385";0
"13919";5061;2;"385";2
"13833";5309;1;"385";1
"16982";5092;1;"384";2
"15048";5245;4;"384";0
"13817";5091;2;"383";2
"12832";5183;2;"383";0
"14304";5370;1;"383";1
"17999";5333;2;"382";1
"17138";5129;1;"381";2
"16930";5334;3;"381";1
"16441";5306;2;"381";1
"15090";5283;1;"381";1
"17573";5091;3;"381";2
"13656";5223;2;"380";0
"14594";5332;2;"380";1
"17031";5156;2;"380";0
"14731";5066;3;"380";2
"16552";5067;2;"380";2
"12855";5697;1;"38";3
"13372";5062;1;"379";2
"15885";5154;3;"379";0
"17078";5305;2;"378";1
"17489";5031;2;"377";2
"15025";5213;1;"377";0
"16858";5577;1;"376";3
"14067";5184;2;"375";0
"14448";5455;2;"375";1
"17492";5251;1;"375";0
"14079";5186;1;"375";0
"13351";5275;1;"374";1
"16321";5192;5;"374";0
"12873";5341;1;"374";1
"13569";5547;2;"374";3
"16903";5091;1;"373";2
"12544";5305;1;"373";1
"12981";5091;2;"372";2
"14690";5064;2;"372";2
"17765";5278;3;"372";1
"16065";5485;1;"372";3
"15063";5097;1;"371";2
"15922";5728;1;"370";3
"13798";5032;57;"37,154";2
"16013";5033;47;"37,131";2
"16162";5371;1;"37";1
"17816";5245;4;"37";0
"16758";5245;1;"369";0
"16372";5213;2;"368";0
"17358";5130;2;"366";2
"17432";5333;2;"366";1
"14886";5371;1;"365";1
"12373";5373;1;"365";1
"16499";5455;2;"365";1
"12915";5697;2;"364";3
"12538";5091;1;"364";2
"14932";5485;1;"364";3
"14528";5333;1;"364";1
"14171";5335;1;"364";1
"17330";5306;2;"364";1
"15901";5156;3;"364";0
"14427";5184;2;"363";0
"16378";5220;3;"363";0
"13291";5187;1;"361";0
"13298";5151;1;"360";0
"13780";5332;2;"360";1
"16595";5122;1;"360";2
"15940";5373;1;"36";1
"16274";5728;1;"358";3
"17025";5092;3;"358";2
"16971";5364;1;"357";1
"14500";5032;3;"357";2
"15713";5516;2;"357";3
"18040";5159;2;"357";0
"15840";5031;2;"356";2
"15247";5124;1;"356";2
"12617";5091;1;"356";2
"13642";5158;1;"355";0
"17742";5070;2;"355";2
"12888";5127;2;"354";2
"17252";5218;2;"354";0
"17222";5245;1;"354";0
"15870";5183;1;"354";0
"13173";5243;2;"354";0
"14804";5363;1;"353";1
"13210";5185;1;"353";0
"17976";5697;1;"353";3
"15334";5217;3;"352";0
"17835";5182;3;"351";0
"12532";5121;1;"350";2
"13108";5697;1;"350";3
"17831";5213;1;"35";0
"14576";5697;1;"35";3
"13790";5243;1;"349";0
"15405";5310;1;"349";1
"15579";5334;2;"349";1
"18250";5342;1;"349";1
"16159";5313;1;"348";1
"13497";5341;2;"348";1
"17668";5151;2;"348";0
"13052";5066;1;"348";2
"13649";5516;2;"347";3
"13062";5369;1;"347";1
"13091";5060;1;"346";2
"17123";5368;1;"345";1
"15781";5192;3;"345";0
"17569";5070;1;"344";2
"15520";5151;1;"344";0
"15880";5608;1;"343";3
"12875";5394;2;"343";1
"18081";5305;3;"343";1
"16851";5243;3;"342";0
"12519";5184;1;"341";0
"14491";5697;2;"341";3
"17917";5394;3;"341";1
"16422";5061;51;"34,684";2
"16183";5306;1;"339";1
"17045";5217;3;"339";0
"15652";5123;1;"338";2
"16105";5251;1;"337";0
"18078";5219;2;"336";0
"17914";5212;1;"336";0
"17384";5280;2;"336";1
"12489";5193;1;"335";0
"14988";5036;1;"335";2
"17221";5305;2;"335";1
"14264";5156;2;"334";0
"12350";5342;1;"334";1
"15918";5338;2;"334";1
"16625";5099;1;"333";2
"13904";5333;2;"333";1
"13727";5060;2;"333";2
"16850";5101;1;"332";2
"16803";5245;1;"332";0
"13706";5100;1;"331";2
"12891";5188;3;"331";0
"16030";5314;1;"331";1
"16478";5214;3;"331";0
"14517";5213;2;"330";0
"17615";5367;3;"330";1
"16593";5310;3;"330";1
"12748";5036;209;"33,720";2
"15838";5094;19;"33,643";2
"15153";5152;1;"329";0
"14012";5191;1;"329";0
"14024";5094;2;"328";2
"14747";5281;1;"328";1
"16318";5274;1;"328";1
"16322";5151;2;"327";0
"15363";5697;1;"326";3
"14850";5373;1;"326";1
"16830";5364;1;"326";1
"14987";5485;2;"326";3
"12844";5091;2;"326";2
"13801";5275;1;"325";1
"15944";5160;1;"325";0
"15597";5274;1;"325";1
"15675";5187;3;"324";0
"14555";5100;2;"324";2
"16685";5122;2;"324";2
"18261";5246;2;"324";0
"13955";5156;2;"323";0
"15224";5394;2;"322";1
"14823";5035;3;"321";2
"14622";5157;1;"321";0
"16674";5335;2;"320";1
"15107";5070;6;"320";2
"17157";5332;2;"319";1
"16967";5310;1;"319";1
"17229";5276;2;"319";1
"17248";5063;1;"319";2
"17267";5277;2;"318";1
"12648";5156;1;"318";0
"15101";5363;2;"318";1
"16761";5276;1;"317";1
"16386";5060;2;"317";2
"15257";5372;1;"317";1
"14479";5485;2;"316";3
"13494";5373;1;"316";1
"12614";5191;1;"316";0
"16473";5193;3;"316";0
"15766";5214;1;"315";0
"16091";5156;2;"315";0
"15970";5130;1;"314";2
"13484";5037;1;"314";2
"12650";5212;1;"314";0
"14729";5728;1;"313";3
"15318";5212;1;"313";0
"13845";5214;1;"313";0
"12834";5341;1;"312";1
"15326";5101;1;"312";2
"17362";5314;2;"312";1
"12785";5455;1;"312";1
"14142";5728;1;"312";3
"13990";5097;1;"311";2
"16781";5697;1;"311";3
"17854";5188;2;"311";0
"17266";5182;3;"311";0
"17912";5342;5;"311";1
"15661";5254;2;"310";0
"14311";5067;1;"310";2
"15308";5099;1;"310";2
"14339";5067;1;"310";2
"14924";5159;1;"310";0
"17404";5036;15;"31,907";2
"17389";5040;34;"31,834";2
"17604";5219;2;"309";0
"12884";5032;1;"309";2
"15010";5274;1;"309";1
"13787";5455;2;"309";1
"13699";5187;1;"309";0
"13395";5188;1;"308";0
"13466";5157;1;"308";0
"13369";5485;1;"308";3
"15973";5516;1;"308";3
"17334";5100;2;"307";2
"16668";5096;6;"307";2
"15087";5313;1;"307";1
"13718";5190;2;"307";0
"13762";5250;1;"307";0
"14915";5123;2;"307";2
"13863";5220;1;"306";0
"16796";5062;1;"306";2
"18059";5306;3;"306";1
"17941";5367;1;"305";1
"12623";5160;1;"305";0
"13045";5366;1;"305";1
"17732";5697;1;"304";3
"16217";5341;2;"304";1
"16400";5215;1;"304";0
"13083";5243;2;"304";0
"18185";5281;1;"304";1
"15060";5363;4;"303";1
"17433";5032;1;"303";2
"16425";5100;1;"303";2
"16292";5094;1;"302";2
"16104";5122;1;"302";2
"17978";5485;1;"301";3
"16402";5608;2;"300";3
"15254";5277;1;"300";1
"17769";5061;10;"3,998";2
"15529";5129;11;"3,995";2
"17001";5120;11;"3,990";2
"15416";5187;4;"3,984";0
"17611";5067;15;"3,984";2
"12779";5251;8;"3,981";0
"12727";5246;7;"3,981";0
"14299";5031;9;"3,966";2
"13523";5213;5;"3,965";0
"13183";5131;9;"3,958";2
"17651";5152;10;"3,945";0
"12473";5091;5;"3,939";2
"17593";5123;5;"3,927";2
"14739";5215;7;"3,902";0
"13999";5060;12;"3,902";2
"14291";5063;11;"3,883";2
"18073";5187;12;"3,878";0
"13124";5062;3;"3,866";2
"15195";5182;1;"3,861";0
"16717";5183;6;"3,858";0
"12662";5120;11;"3,850";2
"16327";5608;6;"3,844";3
"13266";5091;12;"3,834";2
"17091";5152;9;"3,828";0
"15867";5067;15;"3,813";2
"12755";5282;2;"3,812";1
"12597";5126;4;"3,811";2
"13435";5247;7;"3,810";0
"16145";5034;11;"3,799";2
"16655";5040;6;"3,795";2
"16168";5034;27;"3,788";2
"16019";5193;9;"3,786";0
"12562";5247;7;"3,782";0
"17173";5031;8;"3,767";2
"16904";5091;16;"3,754";2
"12429";5485;4;"3,750";3
"17238";5060;17;"3,745";2
"14145";5217;4;"3,742";0
"13552";5155;12;"3,740";0
"16570";5183;10;"3,738";0
"15808";5222;4;"3,735";0
"14282";5152;15;"3,729";0
"12502";5219;5;"3,724";0
"12647";5062;12;"3,723";2
"13680";5151;4;"3,722";0
"14364";5036;8;"3,717";2
"15845";5223;8;"3,712";0
"15622";5341;9;"3,710";1
"13148";5091;12;"3,707";2
"17819";5096;7;"3,705";2
"15379";5129;7;"3,703";2
"12553";5031;10;"3,692";2
"16253";5275;2;"3,684";1
"15581";5063;13;"3,680";2
"15296";5066;6;"3,673";2
"18079";5247;4;"3,652";0
"13137";5060;8;"3,650";2
"12417";5212;9;"3,649";0
"16712";5066;11;"3,645";2
"13426";5062;10;"3,641";2
"16440";5091;5;"3,641";2
"12619";5213;9;"3,641";0
"13381";5062;6;"3,639";2
"17230";5342;8;"3,638";1
"14543";5060;16;"3,630";2
"17528";5031;8;"3,629";2
"13327";5188;8;"3,628";0
"13520";5031;6;"3,624";2
"17576";5034;19;"3,623";2
"14040";5040;12;"3,615";2
"13082";5247;9;"3,614";0
"15505";5187;5;"3,611";0
"16242";5127;7;"3,603";2
"15484";5151;4;"3,594";0
"14132";5034;11;"3,586";2
"17203";5092;6;"3,564";2
"17491";5151;10;"3,559";0
"15544";5033;9;"3,547";2
"12370";5099;4;"3,546";2
"14503";5212;6;"3,543";0
"13448";5250;6;"3,539";0
"13334";5192;3;"3,537";0
"17160";5037;6;"3,518";2
"13953";5099;7;"3,516";2
"16360";5032;6;"3,513";2
"14395";5092;9;"3,508";2
"14907";5060;7;"3,501";2
"16458";5032;18;"3,483";2
"13014";5183;10;"3,466";0
"13993";5062;9;"3,466";2
"17758";5095;8;"3,457";2
"15410";5336;8;"3,451";1
"13536";5151;7;"3,448";0
"15129";5247;11;"3,447";0
"15974";5036;7;"3,442";2
"17725";5281;11;"3,439";1
"15676";5274;3;"3,436";1
"14221";5284;9;"3,433";1
"12406";5126;2;"3,415";2
"15981";5037;8;"3,408";2
"13437";5152;7;"3,408";0
"17669";5124;7;"3,407";2
"13198";5063;6;"3,401";2
"15228";5275;4;"3,387";1
"13842";5031;9;"3,386";2
"15708";5131;7;"3,364";2
"16011";5033;16;"3,363";2
"14227";5159;10;"3,351";0
"16818";5126;11;"3,350";2
"16607";5031;14;"3,348";2
"17183";5183;6;"3,347";0
"13015";5159;5;"3,346";0
"12643";5070;6;"3,345";2
"12594";5094;10;"3,338";2
"16556";5159;7;"3,314";0
"13373";5092;3;"3,312";2
"14841";5061;6;"3,296";2
"14702";5131;17;"3,292";2
"15632";5094;8;"3,285";2
"12480";5060;4;"3,282";2
"15764";5032;6;"3,280";2
"17723";5127;6;"3,276";2
"13952";5219;2;"3,251";0
"13047";5152;10;"3,238";0
"15443";5151;7;"3,237";0
"17050";5221;6;"3,229";0
"14175";5061;3;"3,222";2
"13880";5218;13;"3,220";0
"13268";5037;11;"3,215";2
"14388";5094;8;"3,213";2
"16107";5060;7;"3,204";2
"17220";5217;14;"3,198";0
"13868";5332;2;"3,193";1
"17685";5032;7;"3,192";2
"13758";5131;7;"3,191";2
"14844";5037;4;"3,190";2
"17672";5314;2;"3,178";1
"17231";5158;10;"3,174";0
"16837";5061;11;"3,171";2
"16041";5121;3;"3,166";2
"17863";5061;6;"3,160";2
"15065";5333;4;"3,158";1
"14235";5248;5;"3,145";0
"13742";5062;12;"3,131";2
"16156";5064;9;"3,122";2
"13685";5092;7;"3,119";2
"16326";5122;14;"3,111";2
"16678";5033;12;"3,110";2
"13869";5155;4;"3,105";0
"14099";5063;11;"3,104";2
"16905";5273;7;"3,102";1
"15491";5246;6;"3,100";0
"14257";5155;5;"3,100";0
"14565";5246;4;"3,099";0
"17059";5091;5;"3,095";2
"13362";5159;4;"3,091";0
"15998";5305;5;"3,090";1
"16218";5091;7;"3,085";2
"18272";5034;6;"3,079";2
"12910";5037;8;"3,075";2
"13631";5366;11;"3,070";1
"16686";5192;7;"3,063";0
"14456";5062;9;"3,062";2
"17799";5067;10;"3,056";2
"16393";5158;13;"3,046";0
"16709";5159;5;"3,030";0
"12598";5060;8;"3,023";2
"12395";5036;12;"3,019";2
"18094";5250;7;"3,017";0
"12754";5191;3;"3,011";0
"15521";5066;8;"3,000";2
"17124";5188;1;"299";0
"18215";5062;1;"299";2
"12881";5129;1;"298";2
"15609";5157;1;"298";0
"17531";5338;1;"297";1
"13441";5123;1;"297";2
"13504";5214;1;"296";0
"16998";5161;4;"295";0
"15732";5066;2;"294";2
"12829";5193;2;"293";0
"15545";5669;2;"293";3
"13259";5122;1;"292";2
"13502";5099;3;"292";2
"14656";5372;2;"291";1
"14947";5367;2;"291";1
"17691";5577;2;"290";3
"17464";5278;1;"290";1
"14549";5373;1;"289";1
"16125";5547;1;"289";3
"17501";5311;2;"289";1
"17760";5728;2;"288";3
"16808";5099;2;"288";2
"17977";5091;1;"288";2
"16432";5214;1;"287";0
"16555";5274;2;"286";1
"18270";5364;2;"283";1
"13754";5064;2;"283";2
"17783";5220;2;"283";0
"14350";5099;1;"283";2
"17251";5394;1;"283";1
"17403";5305;1;"282";1
"13177";5214;1;"282";0
"16149";5243;2;"281";0
"13606";5091;3;"281";2
"14646";5033;73;"280,206";2
"13098";5064;28;"28,882";2
"14680";5094;16;"28,754";2
"13081";5091;11;"28,337";2
"13408";5034;62;"28,117";2
"13272";5062;2;"277";2
"15355";5091;2;"277";2
"16883";5249;2;"277";0
"17968";5728;1;"277";3
"14508";5062;2;"276";2
"12750";5308;1;"276";1
"14512";5249;2;"275";0
"16313";5212;2;"274";0
"16727";5455;1;"273";1
"13917";5369;2;"272";1
"17254";5243;2;"272";0
"14819";5214;2;"272";0
"17011";5121;1;"271";2
"14520";5151;2;"271";0
"15774";5334;1;"271";1
"13058";5031;3;"271";2
"13533";5096;3;"271";2
"13837";5036;2;"271";2
"13242";5097;3;"270";2
"12558";5332;1;"270";1
"14727";5099;1;"269";2
"14863";5091;1;"267";2
"17708";5249;2;"267";0
"17550";5098;3;"267";2
"17430";5183;2;"266";0
"12962";5332;2;"266";1
"15119";5159;1;"266";0
"14423";5250;1;"265";0
"15894";5608;2;"264";3
"14452";5185;2;"264";0
"12492";5184;2;"263";0
"17194";5068;2;"263";2
"14053";5186;2;"260";0
"17857";5063;23;"26,879";2
"16333";5155;22;"26,627";0
"18102";5120;60;"259,657";2
"15577";5064;3;"259";2
"14375";5188;1;"258";0
"13626";5371;1;"257";1
"14761";5031;2;"256";2
"13806";5184;1;"256";0
"16048";5728;2;"256";3
"14765";5091;3;"254";2
"12797";5485;1;"254";3
"15689";5033;2;"254";2
"15759";5250;3;"253";0
"15035";5062;1;"253";2
"17860";5577;1;"253";3
"13404";5066;2;"252";2
"13711";5250;2;"252";0
"13645";5063;1;"252";2
"15346";5070;1;"252";2
"14501";5126;2;"251";2
"13207";5034;2;"250";2
"16596";5516;2;"250";3
"17456";5485;1;"250";3
"18005";5212;2;"250";0
"13777";5120;33;"25,977";2
"16510";5697;1;"248";3
"13592";5097;4;"248";2
"15097";5243;1;"248";0
"18072";5188;1;"247";0
"14658";5273;2;"247";1
"16778";5099;2;"246";2
"17278";5037;1;"246";2
"16528";5212;1;"244";0
"17892";5187;3;"244";0
"17925";5697;1;"244";3
"17908";5728;1;"243";3
"17339";5215;2;"243";0
"13565";5131;2;"240";2
"17181";5728;2;"240";3
"15690";5243;2;"240";0
"12561";5100;1;"239";2
"16756";5127;1;"239";2
"13570";5098;1;"239";2
"14586";5160;1;"237";0
"13187";5223;1;"236";0
"15462";5215;3;"235";0
"15483";5368;4;"234";1
"14473";5341;2;"234";1
"13348";5214;1;"234";0
"12736";5070;1;"234";2
"13678";5064;1;"233";2
"16583";5728;1;"233";3
"14995";5282;2;"233";1
"16302";5247;1;"233";0
"16117";5310;1;"232";1
"15393";5313;2;"232";1
"18030";5243;2;"231";0
"16445";5213;1;"231";0
"13786";5547;1;"230";3
"16926";5669;1;"230";3
"13712";5190;1;"229";0
"14569";5151;1;"227";0
"17572";5366;4;"227";1
"17789";5313;1;"226";1
"14624";5061;2;"226";2
"16753";5031;1;"224";2
"14929";5183;1;"224";0
"16471";5099;1;"224";2
"13382";5282;1;"223";1
"14960";5363;2;"221";1
"13419";5184;1;"221";0
"13079";5123;5;"220";2
"16895";5214;1;"219";0
"14570";5282;2;"218";1
"16634";5370;2;"218";1
"12897";5069;2;"217";2
"15554";5191;1;"217";0
"16080";5099;2;"217";2
"13271";5333;1;"217";1
"17580";5371;3;"216";1
"14104";5156;2;"216";0
"16179";5092;1;"216";2
"17436";5151;2;"216";0
"16338";5248;1;"215";0
"16411";5608;2;"215";3
"16519";5485;2;"215";3
"14241";5126;1;"214";2
"16591";5334;1;"214";1
"14984";5035;2;"213";2
"17928";5190;2;"213";0
"16356";5191;3;"212";0
"13532";5213;1;"210";0
"12753";5130;6;"21,429";2
"12744";5251;7;"21,279";0
"16210";5097;18;"21,086";2
"16953";5121;1;"21";2
"17855";5697;1;"209";3
"17514";5308;1;"209";1
"12547";5282;2;"208";1
"16457";5250;1;"208";0
"16866";5095;3;"208";2
"16752";5697;1;"208";3
"16914";5305;1;"208";1
"17923";5341;1;"208";1
"18126";5092;1;"207";2
"13099";5366;1;"207";1
"17166";5364;2;"206";1
"13065";5728;1;"206";3
"14964";5220;1;"206";0
"15319";5372;1;"205";1
"15307";5246;1;"205";0
"13513";5247;1;"205";0
"17843";5130;1;"205";2
"17394";5280;1;"204";1
"13017";5332;1;"204";1
"18273";5182;3;"204";0
"17889";5066;2;"204";2
"18169";5092;1;"203";2
"17376";5373;2;"203";1
"15723";5455;1;"203";1
"15347";5516;1;"202";3
"17988";5368;7;"201";1
"13723";5219;1;"200";0
"13980";5092;1;"200";2
"17675";5034;31;"20,374";2
"17381";5033;29;"20,276";2
"17659";5061;12;"2,999";2
"17504";5219;9;"2,997";0
"14307";5032;6;"2,996";2
"12670";5091;5;"2,996";2
"15687";5218;9;"2,993";0
"14639";5063;6;"2,984";2
"13451";5036;5;"2,976";2
"14032";5037;11;"2,976";2
"15854";5243;12;"2,975";0
"16497";5101;6;"2,966";2
"17924";5069;7;"2,963";2
"14868";5063;8;"2,954";2
"17084";5274;2;"2,950";1
"17444";5064;3;"2,940";2
"16316";5129;8;"2,939";2
"14530";5185;6;"2,926";0
"17512";5060;10;"2,925";2
"15606";5033;9;"2,920";2
"14112";5129;7;"2,915";2
"17644";5063;11;"2,896";2
"12408";5183;5;"2,889";0
"18144";5066;12;"2,889";2
"16633";5035;6;"2,883";2
"15673";5032;4;"2,881";2
"14251";5151;5;"2,880";0
"17728";5212;3;"2,876";0
"14005";5158;5;"2,875";0
"15628";5096;9;"2,870";2
"14711";5123;11;"2,869";2
"13901";5278;5;"2,867";1
"14535";5092;3;"2,864";2
"12685";5060;6;"2,863";2
"16928";5063;17;"2,848";2
"15984";5182;10;"2,838";0
"14852";5031;6;"2,837";2
"14572";5212;7;"2,833";0
"17596";5184;7;"2,828";0
"14842";5246;4;"2,825";0
"13174";5608;3;"2,817";3
"16871";5062;6;"2,812";2
"14903";5186;5;"2,811";0
"12356";5159;3;"2,811";0
"18230";5091;7;"2,810";2
"13230";5091;14;"2,807";2
"16081";5188;5;"2,807";0
"16764";5152;13;"2,799";0
"15993";5213;7;"2,798";0
"13769";5124;10;"2,797";2
"12758";5160;2;"2,792";0
"17739";5101;7;"2,791";2
"14626";5124;4;"2,791";2
"17213";5516;7;"2,781";3
"12388";5129;6;"2,781";2
"14121";5061;4;"2,780";2
"17838";5062;5;"2,779";2
"13870";5182;8;"2,771";0
"15356";5152;10;"2,767";0
"15114";5069;10;"2,761";2
"14854";5099;7;"2,760";2
"13971";5061;8;"2,758";2
"12669";5034;3;"2,744";2
"14808";5095;8;"2,741";2
"14125";5060;3;"2,740";2
"16938";5035;4;"2,736";2
"15696";5213;8;"2,736";0
"16003";5091;5;"2,735";2
"12840";5096;4;"2,727";2
"12380";5188;4;"2,725";0
"12708";5091;10;"2,713";2
"15796";5100;8;"2,712";2
"17069";5060;9;"2,710";2
"13285";5368;4;"2,709";1
"13654";5067;6;"2,707";2
"14107";5276;7;"2,703";1
"14732";5032;8;"2,702";2
"18097";5247;6;"2,698";0
"17386";5332;6;"2,686";1
"12625";5036;2;"2,684";2
"17346";5031;15;"2,677";2
"13883";5250;5;"2,674";0
"14713";5091;11;"2,666";2
"15671";5067;7;"2,657";2
"12721";5126;6;"2,656";2
"13851";5246;3;"2,651";0
"16618";5152;5;"2,648";0
"18260";5131;6;"2,643";2
"17655";5161;7;"2,639";0
"15752";5185;7;"2,637";0
"13804";5121;7;"2,636";2
"12520";5068;5;"2,634";2
"17402";5121;13;"2,634";2
"13771";5214;4;"2,634";0
"18077";5063;11;"2,633";2
"13422";5214;1;"2,626";0
"17965";5040;14;"2,623";2
"18210";5091;6;"2,621";2
"16255";5190;8;"2,620";0
"14262";5091;8;"2,618";2
"13021";5158;9;"2,616";0
"15782";5062;3;"2,615";2
"14397";5035;19;"2,613";2
"12836";5061;4;"2,613";2
"18075";5061;10;"2,612";2
"12726";5060;7;"2,609";2
"16241";5031;13;"2,608";2
"13136";5066;5;"2,608";2
"14408";5215;7;"2,607";0
"13983";5031;12;"2,603";2
"17317";5062;3;"2,600";2
"12600";5060;10;"2,599";2
"16919";5037;11;"2,596";2
"13895";5060;4;"2,593";2
"14243";5159;10;"2,589";0
"15033";5155;10;"2,587";0
"13911";5158;9;"2,581";0
"14546";5251;5;"2,578";0
"15485";5121;3;"2,575";2
"16912";5060;11;"2,575";2
"18245";5036;7;"2,567";2
"16308";5219;4;"2,560";0
"15572";5221;7;"2,553";0
"14334";5099;8;"2,552";2
"14701";5220;9;"2,549";0
"14676";5152;6;"2,548";0
"13344";5191;3;"2,544";0
"14776";5250;11;"2,538";0
"17700";5097;4;"2,535";2
"13471";5151;4;"2,532";0
"14659";5219;9;"2,530";0
"17314";5031;8;"2,528";2
"13975";5152;6;"2,526";0
"17449";5182;7;"2,521";0
"13394";5064;8;"2,520";2
"15245";5249;3;"2,516";0
"15271";5035;15;"2,507";2
"12352";5305;8;"2,506";1
"13695";5033;15;"2,504";2
"12517";5060;5;"2,503";2
"15932";5032;8;"2,496";2
"16477";5099;7;"2,494";2
"12483";5066;8;"2,485";2
"12913";5069;5;"2,484";2
"16710";5097;10;"2,483";2
"14315";5156;6;"2,481";0
"13588";5060;9;"2,479";2
"13507";5212;4;"2,479";0
"17682";5220;6;"2,474";0
"17188";5091;7;"2,474";2
"14766";5097;6;"2,473";2
"14502";5213;11;"2,471";0
"17164";5064;7;"2,467";2
"12455";5217;6;"2,467";0
"15750";5182;8;"2,465";0
"13784";5070;11;"2,463";2
"17131";5213;5;"2,463";0
"15674";5097;5;"2,447";2
"14163";5095;4;"2,446";2
"15527";5062;8;"2,430";2
"17071";5032;9;"2,429";2
"13949";5182;6;"2,427";0
"16143";5066;6;"2,425";2
"17722";5276;4;"2,424";1
"15089";5215;6;"2,421";0
"15373";5363;12;"2,416";1
"12397";5274;2;"2,410";1
"17589";5064;4;"2,404";2
"15980";5032;3;"2,399";2
"18065";5126;14;"2,393";2
"13141";5127;5;"2,389";2
"15370";5061;7;"2,386";2
"17530";5151;10;"2,385";0
"14493";5121;5;"2,383";2
"14239";5190;11;"2,381";0
"15270";5069;7;"2,379";2
"13722";5341;3;"2,375";1
"17434";5182;7;"2,374";0
"14930";5099;3;"2,373";2
"13908";5127;4;"2,370";2
"15755";5032;6;"2,364";2
"12457";5275;7;"2,363";1
"17634";5066;9;"2,362";2
"14030";5062;8;"2,360";2
"14440";5363;5;"2,358";1
"14309";5060;9;"2,353";2
"12704";5274;8;"2,341";1
"18259";5516;3;"2,339";3
"18257";5306;8;"2,338";1
"12584";5188;9;"2,338";0
"17954";5155;12;"2,333";0
"15281";5031;9;"2,332";2
"12782";5243;5;"2,331";0
"17313";5152;1;"2,329";0
"15785";5183;5;"2,329";0
"17744";5212;6;"2,322";0
"17211";5035;8;"2,317";2
"14290";5306;5;"2,315";1
"15365";5276;7;"2,314";1
"13994";5212;6;"2,313";0
"13704";5031;9;"2,308";2
"15288";5187;5;"2,307";0
"16735";5131;5;"2,301";2
"15105";5306;7;"2,299";1
"16550";5188;5;"2,299";0
"13115";5031;4;"2,295";2
"15704";5158;4;"2,294";0
"12615";5182;4;"2,291";0
"13527";5062;7;"2,288";2
"17696";5187;8;"2,286";0
"12684";5097;7;"2,284";2
"16782";5191;13;"2,280";0
"13317";5275;6;"2,274";1
"17768";5213;3;"2,273";0
"14466";5091;7;"2,272";2
"13700";5037;10;"2,265";2
"16057";5036;7;"2,263";2
"16209";5032;5;"2,263";2
"14432";5062;6;"2,256";2
"16293";5123;10;"2,249";2
"17442";5094;6;"2,249";2
"15235";5190;12;"2,248";0
"16771";5129;5;"2,247";2
"15665";5098;2;"2,242";2
"14211";5276;9;"2,241";1
"14560";5091;22;"2,238";2
"16743";5036;7;"2,238";2
"14700";5183;3;"2,235";0
"16076";5061;10;"2,235";2
"15834";5191;4;"2,234";0
"14226";5060;5;"2,232";2
"18242";5097;4;"2,232";2
"14825";5062;12;"2,227";2
"17591";5124;7;"2,226";2
"12783";5182;6;"2,226";0
"13365";5213;2;"2,225";0
"15722";5249;5;"2,223";0
"15811";5485;6;"2,219";3
"13862";5070;8;"2,209";2
"15179";5371;5;"2,207";1
"15797";5127;4;"2,207";2
"13831";5250;6;"2,203";0
"17406";5101;3;"2,200";2
"15123";5332;2;"2,199";1
"16628";5091;5;"2,188";2
"14341";5158;8;"2,182";0
"12856";5060;6;"2,180";2
"12501";5193;1;"2,169";0
"12633";5031;4;"2,164";2
"12935";5182;7;"2,161";0
"13755";5184;9;"2,161";0
"16456";5222;5;"2,158";0
"14407";5160;6;"2,158";0
"16379";5243;4;"2,157";0
"13224";5064;2;"2,156";2
"16966";5363;7;"2,155";1
"14828";5193;3;"2,140";0
"12560";5273;3;"2,134";1
"17400";5247;5;"2,130";0
"13517";5061;3;"2,128";2
"14360";5152;4;"2,128";0
"16407";5067;10;"2,127";2
"15058";5098;11;"2,125";2
"14640";5061;6;"2,125";2
"13632";5098;5;"2,121";2
"18061";5064;10;"2,119";2
"18008";5067;9;"2,116";2
"14691";5066;5;"2,114";2
"13265";5032;5;"2,108";2
"18173";5099;4;"2,107";2
"18093";5063;4;"2,107";2
"14515";5250;6;"2,102";0
"15815";5066;5;"2,101";2
"17861";5091;8;"2,101";2
"13126";5099;8;"2,100";2
"12610";5247;5;"2,100";0
"16875";5284;5;"2,096";1
"17191";5060;7;"2,095";2
"18283";5091;16;"2,095";2
"13571";5154;12;"2,092";0
"17490";5120;7;"2,092";2
"13297";5306;4;"2,090";1
"18044";5243;10;"2,089";0
"14810";5131;11;"2,088";2
"16954";5092;9;"2,085";2
"14696";5033;7;"2,079";2
"14209";5070;6;"2,073";2
"18241";5061;17;"2,073";2
"18219";5127;10;"2,070";2
"14482";5121;6;"2,068";2
"12948";5061;7;"2,065";2
"12928";5037;5;"2,063";2
"14409";5124;6;"2,059";2
"12518";5031;5;"2,057";2
"17667";5036;5;"2,056";2
"14188";5121;6;"2,054";2
"16150";5032;5;"2,053";2
"17086";5121;6;"2,050";2
"17612";5127;6;"2,048";2
"14232";5218;5;"2,048";0
"13495";5274;5;"2,045";1
"17597";5097;1;"2,044";2
"17090";5032;7;"2,044";2
"13450";5062;6;"2,044";2
"14001";5728;3;"2,043";3
"13593";5193;5;"2,037";0
"18069";5032;5;"2,037";2
"13630";5157;7;"2,032";0
"16409";5034;5;"2,029";2
"17337";5036;4;"2,028";2
"16358";5151;4;"2,028";0
"14506";5275;5;"2,012";1
"15531";5121;2;"2,007";2
"16098";5188;7;"2,006";0
"14730";5151;8;"2,005";0
"14217";5070;17;"2,005";2
"17082";5213;2;"2,004";0
"14462";5063;11;"2,004";2
"15493";5183;5;"2,002";0
"16754";5697;1;"2,002";3
"13305";5068;10;"2,001";2
"17987";5188;1;"199";0
"16832";5157;3;"199";0
"17383";5243;1;"199";0
"14185";5040;1;"198";2
"12450";5217;2;"198";0
"14789";5060;1;"198";2
"15234";5160;1;"197";0
"13436";5151;1;"197";0
"16829";5217;1;"197";0
"16112";5101;4;"196";2
"13792";5275;2;"196";1
"16887";5274;1;"195";1
"15612";5122;2;"195";2
"17450";5034;46;"194,551";2
"15198";5154;2;"194";0
"14087";5182;1;"194";0
"14768";5277;2;"193";1
"12791";5728;1;"193";3
"17608";5213;2;"193";0
"14801";5122;1;"193";2
"17233";5274;1;"191";1
"15692";5060;1;"191";2
"15039";5101;47;"19,914";2
"12471";5182;30;"19,824";0
"14697";5250;2;"189";0
"12893";5121;1;"188";2
"17781";5309;2;"188";1
"18013";5187;2;"187";0
"13672";5069;2;"186";2
"17574";5067;1;"186";2
"17440";5217;3;"186";0
"14199";5250;1;"185";0
"14326";5067;1;"184";2
"16433";5060;1;"184";2
"15124";5369;2;"184";1
"13460";5091;2;"183";2
"13059";5281;1;"183";1
"14082";5455;1;"182";1
"16835";5308;2;"181";1
"15945";5485;1;"181";3
"15886";5092;1;"181";2
"18119";5547;1;"181";3
"18280";5191;1;"181";0
"13710";5152;1;"180";0
"12731";5066;12;"18,896";2
"15159";5062;30;"18,641";2
"16620";5212;2;"179";0
"15454";5394;1;"179";1
"15139";5193;2;"179";0
"16990";5250;1;"179";0
"18282";5247;2;"178";0
"17356";5373;1;"178";1
"14287";5363;3;"177";1
"12923";5214;1;"177";0
"17947";5333;1;"177";1
"18274";5121;1;"176";2
"17331";5155;1;"175";0
"16144";5190;1;"175";0
"14798";5342;3;"174";1
"14518";5214;1;"174";0
"13560";5332;1;"174";1
"14355";5485;1;"174";3
"16861";5061;2;"174";2
"12441";5516;1;"174";3
"16565";5455;1;"174";1
"12442";5212;1;"172";0
"13690";5061;1;"172";2
"13962";5159;2;"170";0
"16921";5122;1;"170";2
"12901";5066;28;"17,655";2
"12678";5249;12;"17,628";0
"14031";5223;19;"17,287";0
"17428";5037;28;"17,257";2
"13767";5064;37;"17,220";2
"13881";5067;20;"17,160";2
"12367";5243;1;"169";0
"14578";5212;1;"169";0
"18004";5394;1;"169";1
"18269";5516;1;"169";3
"16446";5120;2;"168,473";2
"16282";5284;1;"168";1
"15986";5121;1;"168";2
"15920";5156;4;"168";0
"15374";5308;1;"168";1
"17737";5031;2;"168";2
"18099";5277;1;"168";1
"18088";5122;1;"168";2
"16405";5100;2;"167";2
"14485";5364;1;"166";1
"12817";5313;1;"166";1
"18014";5060;1;"166";2
"15904";5363;1;"165";1
"13470";5366;2;"165";1
"14552";5064;1;"165";2
"17535";5282;1;"164";1
"14354";5121;2;"164";2
"16517";5191;1;"163";0
"15733";5341;1;"162";1
"16113";5126;1;"161";2
"15852";5218;2;"161";0
"14204";5182;1;"161";0
"14237";5728;1;"161";3
"18146";5311;2;"160";1
"18203";5248;1;"160";0
"16839";5032;34;"16,594";2
"12921";5066;37;"16,587";2
"14607";5305;14;"16,570";1
"15856";5064;27;"16,388";2
"17677";5060;30;"16,363";2
"15189";5037;41;"16,225";2
"17128";5131;1;"157";2
"15007";5309;1;"157";1
"14406";5033;1;"157";2
"17899";5309;1;"156";1
"17026";5188;2;"155";0
"13809";5192;1;"155";0
"14813";5608;2;"155";3
"12738";5697;1;"155";3
"15226";5342;1;"154";1
"16351";5070;1;"154";2
"17517";5283;1;"154";1
"16248";5122;1;"153";2
"12602";5031;1;"153";2
"14039";5213;1;"152";0
"17707";5188;2;"152";0
"13462";5371;1;"152";1
"14208";5215;1;"152";0
"16337";5305;1;"151";1
"13697";5364;1;"151";1
"14073";5183;1;"151";0
"15869";5191;2;"150";0
"17234";5096;1;"150";2
"14051";5061;23;"15,610";2
"13307";5063;1;"15";2
"15823";5697;1;"15";3
"13003";5064;3;"149";2
"17859";5161;1;"148";0
"15526";5213;2;"148";0
"14968";5121;1;"148";2
"17030";5184;1;"147";0
"14037";5455;2;"147";1
"15503";5394;1;"147";1
"14098";5305;1;"147";1
"16893";5516;1;"146";3
"15937";5214;1;"145";0
"17186";5092;2;"144";2
"12587";5332;1;"144";1
"14911";5031;201;"143,825";2
"17578";5250;1;"143";0
"13584";5222;1;"142";0
"13561";5158;1;"142";0
"13483";5245;1;"140";0
"15513";5036;19;"14,758";2
"16133";5060;33;"14,589";2
"14866";5061;12;"14,390";2
"16705";5037;20;"14,035";2
"18209";5060;1;"139";2
"12512";5275;2;"138";1
"17122";5033;1;"138";2
"14483";5313;1;"137";1
"14247";5221;1;"137";0
"15691";5371;1;"137";1
"16462";5188;3;"136";0
"14889";5193;1;"136";0
"17972";5037;1;"136";2
"14340";5250;1;"135";0
"16665";5394;1;"135";1
"12851";5276;1;"135";1
"16055";5311;1;"135";1
"15276";5275;1;"135";1
"16424";5369;1;"134";1
"14174";5213;1;"134";0
"15709";5372;1;"133";1
"17647";5245;1;"133";0
"17881";5161;1;"133";0
"14438";5222;1;"132";0
"16679";5516;1;"130";3
"12681";5064;22;"13,788";2
"12621";5036;20;"13,690";2
"12540";5070;17;"13,400";2
"12433";5120;7;"13,376";2
"15498";5036;27;"13,316";2
"12477";5069;6;"13,220";2
"17735";5156;19;"13,110";0
"16525";5040;26;"13,027";2
"17956";5281;1;"13";1
"16828";5185;2;"129";0
"16623";5159;1;"129";0
"16611";5218;1;"129";0
"13781";5312;1;"128";1
"15923";5697;1;"127";3
"16988";5273;1;"126";1
"15463";5091;1;"126";2
"15017";5213;1;"126";0
"16414";5282;2;"126";1
"13522";5121;1;"126";2
"16849";5218;1;"125";0
"12415";5101;21;"124,915";2
"14495";5094;2;"124";2
"16569";5212;1;"124";0
"14413";5394;1;"123";1
"16658";5577;1;"123";3
"13876";5184;1;"123";0
"15917";5220;1;"123";0
"14165";5129;1;"123";2
"17967";5669;1;"123";3
"14076";5336;1;"122";1
"13244";5154;1;"122";0
"15049";5068;1;"121";2
"15512";5187;2;"121";0
"17446";5342;2;"121";1
"14453";5338;1;"120";1
"18015";5243;1;"120";0
"14258";5062;9;"12,670";2
"13078";5031;26;"12,628";2
"12536";5061;3;"12,602";2
"15640";5070;15;"12,516";2
"16000";5182;3;"12,394";0
"17340";5063;11;"12,353";2
"12682";5033;31;"12,288";2
"13113";5036;24;"12,246";2
"14606";5036;93;"12,157";2
"15266";5254;1;"119";0
"15843";5130;1;"119";2
"12929";5373;1;"118";1
"13581";5314;1;"118";1
"13193";5122;1;"118";2
"17654";5191;1;"118";0
"14156";5031;55;"117,380";2
"15350";5728;1;"116";3
"14972";5308;1;"115";1
"18027";5335;1;"115";1
"17219";5152;1;"114";0
"12651";5131;1;"114";2
"14457";5342;1;"114";1
"14974";5333;1;"114";1
"16697";5037;1;"113";2
"13807";5547;1;"113";3
"18105";5333;1;"113";1
"18129";5098;1;"113";2
"17900";5338;2;"112";1
"17957";5275;1;"112";1
"17274";5274;1;"112";1
"17038";5121;1;"112";2
"13508";5098;1;"111";2
"13144";5070;1;"111";2
"16963";5249;1;"111";0
"17887";5336;1;"111";1
"18120";5127;1;"111";2
"17901";5091;1;"110";2
"18277";5031;1;"110";2
"16792";5341;2;"110";1
"13133";5068;2;"110";2
"12557";5070;5;"11,991";2
"12939";5068;8;"11,582";2
"15125";5092;15;"11,528";2
"14194";5061;21;"11,350";2
"12971";5040;86;"11,190";2
"14895";5091;20;"11,139";2
"12409";5096;3;"11,073";2
"15482";5305;12;"11,055";1
"17581";5097;25;"11,045";2
"14345";5364;1;"109";1
"17639";5160;1;"109";0
"14699";5127;1;"109";2
"12956";5222;1;"108";0
"16106";5245;1;"108";0
"13226";5068;1;"108";2
"15070";5697;1;"106";3
"16581";5096;1;"106";2
"17791";5091;1;"106";2
"15607";5193;1;"105";0
"14027";5092;1;"105";2
"15775";5159;1;"105";0
"18174";5332;1;"104";1
"18255";5062;1;"103";2
"18011";5728;1;"103";3
"14542";5188;1;"103";0
"17643";5728;1;"102";3
"15212";5037;1;"102";2
"14836";5060;3;"102";2
"16516";5121;1;"102";2
"14981";5190;1;"102";0
"18086";5099;1;"101";2
"16006";5036;1;"101";2
"16498";5368;2;"101";1
"16344";5278;1;"101";1
"13319";5091;26;"10,846";2
"17107";5187;6;"10,815";0
"13340";5160;7;"10,736";0
"14769";5182;8;"10,675";0
"17139";5032;12;"10,668";2
"16779";5040;22;"10,630";2
"17865";5032;20;"10,526";2
"17706";5092;17;"10,504";2
"15251";5034;11;"10,485";2
"14062";5123;12;"10,465";2
"15615";5066;23;"10,400";2
"15502";5062;12;"10,385";2
"16180";5277;8;"10,254";1
"16843";5037;16;"10,197";2
"17827";5067;5;"1,995";2
"17088";5060;4;"1,991";2
"13590";5034;6;"1,982";2
"13725";5192;8;"1,981";0
"17422";5035;6;"1,979";2
"12674";5123;4;"1,971";2
"17997";5095;8;"1,971";2
"17790";5034;14;"1,966";2
"17218";5062;10;"1,961";2
"15351";5061;7;"1,960";2
"14498";5218;5;"1,957";0
"17554";5061;5;"1,952";2
"14533";5062;7;"1,950";2
"14653";5151;7;"1,948";0
"15814";5305;4;"1,945";1
"15518";5070;8;"1,942";2
"14472";5095;8;"1,937";2
"14418";5212;3;"1,937";0
"15157";5156;3;"1,936";0
"15864";5275;6;"1,936";1
"12528";5160;6;"1,933";0
"14655";5363;4;"1,932";1
"16983";5035;7;"1,931";2
"13094";5069;12;"1,927";2
"16942";5213;9;"1,921";0
"15021";5217;9;"1,915";0
"17368";5183;8;"1,913";0
"14285";5333;4;"1,910";1
"16426";5154;10;"1,908";0
"17228";5184;8;"1,906";0
"14210";5284;6;"1,906";1
"15819";5160;4;"1,905";0
"14250";5062;3;"1,904";2
"12762";5332;2;"1,899";1
"17870";5123;12;"1,894";2
"14934";5341;2;"1,891";1
"12371";5061;2;"1,888";2
"15641";5341;4;"1,887";1
"16170";5126;6;"1,885";2
"13890";5151;10;"1,884";0
"16128";5305;5;"1,880";1
"17738";5341;4;"1,879";1
"15367";5129;4;"1,878";2
"17293";5031;9;"1,875";2
"16986";5091;2;"1,873";2
"13982";5485;4;"1,872";3
"16474";5062;7;"1,872";2
"17469";5248;5;"1,871";0
"16841";5097;6;"1,870";2
"14524";5152;9;"1,868";0
"17787";5095;4;"1,865";2
"16201";5212;4;"1,863";0
"12423";5120;8;"1,859";2
"17873";5157;5;"1,859";0
"12963";5363;8;"1,857";1
"16979";5091;6;"1,852";2
"12383";5040;5;"1,851";2
"12381";5031;5;"1,845";2
"17519";5577;6;"1,844";3
"18180";5032;6;"1,844";2
"17015";5060;3;"1,843";2
"12950";5182;3;"1,843";0
"16102";5308;3;"1,842";1
"16455";5184;7;"1,841";0
"14113";5212;4;"1,840";0
"13924";5151;6;"1,839";0
"14216";5212;4;"1,839";0
"14459";5187;1;"1,838";0
"18287";5031;3;"1,837";2
"15827";5126;14;"1,836";2
"14665";5062;5;"1,836";2
"13650";5032;6;"1,836";2
"15203";5373;6;"1,828";1
"18122";5034;6;"1,826";2
"16153";5188;5;"1,824";0
"17705";5069;9;"1,824";2
"17702";5121;4;"1,824";2
"16169";5091;4;"1,823";2
"17828";5157;4;"1,820";0
"17629";5063;8;"1,814";2
"15260";5218;7;"1,811";0
"17663";5156;7;"1,803";0
"15812";5064;5;"1,801";2
"13562";5159;3;"1,799";0
"17750";5273;9;"1,798";1
"17648";5092;4;"1,798";2
"12348";5251;4;"1,797";0
"18235";5063;3;"1,796";2
"13134";5126;4;"1,794";2
"18179";5193;6;"1,793";0
"13510";5126;4;"1,792";2
"16719";5254;7;"1,790";0
"12523";5040;11;"1,790";2
"14215";5218;6;"1,790";0
"14621";5121;5;"1,788";2
"13875";5069;5;"1,787";2
"14608";5091;4;"1,785";2
"16380";5122;1;"1,781";2
"15220";5282;6;"1,779";1
"17092";5191;4;"1,778";0
"12645";5213;4;"1,775";0
"15594";5121;5;"1,772";2
"17754";5120;5;"1,772";2
"14387";5183;3;"1,771";0
"17813";5214;5;"1,771";0
"15473";5031;7;"1,771";2
"13456";5184;6;"1,767";0
"15950";5152;4;"1,766";0
"16751";5121;1;"1,765";2
"12823";5277;5;"1,760";1
"15241";5126;8;"1,756";2
"16359";5040;9;"1,751";2
"13564";5577;3;"1,749";3
"13808";5185;5;"1,748";0
"15067";5341;3;"1,745";1
"13157";5037;4;"1,741";2
"14595";5122;6;"1,741";2
"17353";5156;2;"1,740";0
"17930";5214;5;"1,740";0
"17457";5247;5;"1,738";0
"14673";5212;5;"1,736";0
"17043";5183;4;"1,735";0
"16791";5070;7;"1,722";2
"17451";5151;7;"1,721";0
"14834";5031;6;"1,720";2
"15267";5031;5;"1,717";2
"17147";5373;4;"1,715";1
"17162";5060;10;"1,715";2
"13763";5184;1;"1,715";0
"14441";5120;4;"1,713";2
"12407";5217;5;"1,708";0
"15240";5037;5;"1,707";2
"16398";5156;2;"1,706";0
"17282";5367;3;"1,703";1
"16007";5035;4;"1,702";2
"12843";5097;8;"1,702";2
"13184";5064;10;"1,701";2
"13824";5037;5;"1,699";2
"17193";5031;7;"1,699";2
"16775";5124;11;"1,696";2
"16813";5276;10;"1,693";1
"15549";5248;3;"1,693";0
"14245";5280;2;"1,693";1
"16671";5060;3;"1,692";2
"15380";5363;5;"1,690";1
"12635";5062;2;"1,689";2
"13162";5124;4;"1,688";2
"13577";5037;4;"1,688";2
"16638";5191;10;"1,681";0
"17656";5032;5;"1,675";2
"16115";5035;8;"1,668";2
"13012";5097;8;"1,662";2
"12912";5182;5;"1,662";0
"12530";5061;4;"1,662";2
"15024";5060;10;"1,661";2
"15214";5067;8;"1,661";2
"12967";5669;2;"1,661";3
"15332";5516;4;"1,661";3
"14045";5223;4;"1,660";0
"15953";5036;8;"1,659";2
"17284";5063;6;"1,653";2
"14573";5066;9;"1,653";2
"16711";5100;5;"1,651";2
"14837";5062;4;"1,650";2
"13750";5193;5;"1,647";0
"15002";5254;4;"1,642";0
"13627";5061;5;"1,638";2
"17673";5151;6;"1,629";0
"16515";5034;5;"1,627";2
"14759";5243;3;"1,626";0
"16987";5212;7;"1,625";0
"15172";5363;5;"1,624";1
"14937";5367;3;"1,622";1
"17101";5091;4;"1,622";2
"14178";5060;7;"1,621";2
"16801";5068;4;"1,620";2
"18161";5214;5;"1,619";0
"14336";5160;4;"1,615";0
"16992";5305;5;"1,614";1
"14312";5068;6;"1,612";2
"14918";5156;2;"1,610";0
"13614";5062;4;"1,610";2
"12868";5040;6;"1,607";2
"16817";5068;9;"1,605";2
"12947";5096;6;"1,604";2
"16466";5035;7;"1,603";2
"14719";5092;5;"1,602";2
"14587";5040;9;"1,601";2
"15660";5372;9;"1,601";1
"16496";5363;3;"1,600";1
"13850";5336;1;"1,595";1
"16332";5060;7;"1,593";2
"17837";5061;8;"1,593";2
"14970";5334;4;"1,592";1
"16676";5097;4;"1,592";2
"15611";5131;13;"1,591";2
"18178";5280;4;"1,591";1
"12393";5070;4;"1,583";2
"12607";5092;1;"1,580";2
"16889";5098;3;"1,579";2
"13814";5154;2;"1,579";0
"13186";5185;3;"1,576";0
"13634";5067;5;"1,575";2
"17671";5036;4;"1,573";2
"16283";5063;5;"1,571";2
"15906";5280;7;"1,568";1
"12865";5155;2;"1,568";0
"15111";5091;3;"1,567";2
"17085";5155;5;"1,567";0
"17204";5037;4;"1,565";2
"18239";5250;5;"1,562";0
"16394";5251;5;"1,555";0
"13313";5158;5;"1,555";0
"15620";5311;3;"1,553";1
"15117";5063;5;"1,552";2
"13320";5097;4;"1,549";2
"14229";5101;3;"1,547";2
"14704";5035;9;"1,547";2
"16790";5060;6;"1,546";2
"13397";5126;5;"1,544";2
"15701";5182;4;"1,542";0
"16365";5034;9;"1,540";2
"12877";5186;12;"1,536";0
"15392";5032;4;"1,536";2
"15625";5367;4;"1,534";1
"13107";5101;4;"1,532";2
"14321";5101;5;"1,531";2
"12759";5129;3;"1,531";2
"14567";5367;2;"1,530";1
"15916";5121;8;"1,528";2
"16244";5036;2;"1,523";2
"16066";5122;5;"1,522";2
"13764";5223;3;"1,522";0
"16434";5091;7;"1,522";2
"13213";5126;5;"1,521";2
"16880";5095;7;"1,519";2
"13791";5277;2;"1,516";1
"16748";5131;5;"1,516";2
"16053";5124;2;"1,512";2
"16910";5123;8;"1,510";2
"16016";5212;8;"1,509";0
"15265";5064;2;"1,506";2
"15530";5190;4;"1,502";0
"17571";5191;4;"1,499";0
"13810";5060;3;"1,499";2
"14414";5123;7;"1,497";2
"17002";5158;3;"1,494";0
"15057";5129;2;"1,490";2
"13110";5152;7;"1,489";0
"14963";5126;5;"1,488";2
"13692";5097;3;"1,488";2
"17553";5336;1;"1,488";1
"16395";5092;5;"1,487";2
"14878";5035;9;"1,486";2
"18016";5183;5;"1,484";0
"15427";5213;3;"1,483";0
"17590";5182;3;"1,479";0
"14403";5219;4;"1,476";0
"12826";5091;7;"1,475";2
"15983";5485;4;"1,475";3
"14404";5213;6;"1,474";0
"14246";5159;3;"1,474";0
"15128";5092;4;"1,471";2
"16348";5183;7;"1,469";0
"14233";5036;4;"1,463";2
"12882";5213;2;"1,463";0
"14541";5031;8;"1,462";2
"16059";5245;6;"1,460";0
"13309";5032;5;"1,457";2
"16996";5094;6;"1,457";2
"13477";5036;6;"1,455";2
"15987";5063;7;"1,451";2
"14740";5372;3;"1,448";1
"15426";5213;5;"1,447";0
"14591";5097;4;"1,447";2
"13461";5364;3;"1,445";1
"13717";5183;6;"1,445";0
"17175";5035;4;"1,444";2
"14071";5152;8;"1,439";0
"15858";5061;5;"1,439";2
"13159";5363;4;"1,438";1
"16503";5127;4;"1,432";2
"13475";5219;4;"1,432";0
"16103";5218;6;"1,430";0
"16271";5182;5;"1,429";0
"14035";5060;5;"1,428";2
"15681";5060;5;"1,426";2
"15106";5036;5;"1,423";2
"14019";5335;3;"1,422";1
"16571";5313;3;"1,422";1
"14901";5032;9;"1,421";2
"17288";5371;7;"1,420";1
"14443";5342;4;"1,420";1
"17856";5151;4;"1,418";0
"16173";5123;6;"1,418";2
"18116";5306;8;"1,418";1
"14649";5066;4;"1,417";2
"14748";5066;5;"1,416";2
"16012";5187;3;"1,415";0
"16245";5094;3;"1,414";2
"17004";5154;2;"1,413";0
"15237";5151;4;"1,412";0
"15596";5127;5;"1,407";2
"17083";5130;3;"1,406";2
"14741";5697;6;"1,400";3
"18202";5373;3;"1,397";1
"13995";5159;5;"1,394";0
"15051";5034;3;"1,392";2
"13414";5248;3;"1,391";0
"15898";5151;5;"1,389";0
"16539";5182;4;"1,389";0
"15453";5151;7;"1,388";0
"12952";5273;4;"1,388";1
"15134";5097;8;"1,388";2
"17676";5031;6;"1,388";2
"12775";5310;5;"1,386";1
"18167";5274;3;"1,385";1
"14116";5094;5;"1,383";2
"14507";5158;6;"1,383";0
"16389";5372;4;"1,382";1
"12886";5280;2;"1,378";1
"15569";5070;5;"1,376";2
"14434";5092;6;"1,373";2
"13813";5062;4;"1,367";2
"14897";5032;4;"1,366";2
"13396";5091;2;"1,361";2
"14102";5273;5;"1,360";1
"15411";5096;4;"1,359";2
"13232";5035;7;"1,358";2
"17054";5060;5;"1,356";2
"14064";5036;5;"1,354";2
"12646";5243;2;"1,347";0
"12463";5037;4;"1,345";2
"17372";5092;8;"1,343";2
"16317";5033;3;"1,342";2
"13743";5032;7;"1,342";2
"16045";5033;4;"1,341";2
"18177";5152;6;"1,341";0
"15059";5131;9;"1,338";2
"16110";5373;3;"1,337";1
"12919";5034;6;"1,335";2
"15680";5516;3;"1,334";3
"17932";5036;3;"1,332";2
"12676";5155;6;"1,331";0
"16295";5031;4;"1,329";2
"17633";5063;4;"1,325";2
"12854";5037;3;"1,325";2
"17095";5131;3;"1,324";2
"16370";5096;4;"1,321";2
"14794";5121;7;"1,320";2
"13168";5305;4;"1,319";1
"12526";5120;3;"1,317";2
"14921";5121;2;"1,316";2
"12576";5161;5;"1,316";0
"14511";5154;5;"1,315";0
"14738";5036;7;"1,314";2
"16040";5245;3;"1,314";0
"12364";5332;4;"1,313";1
"12516";5035;2;"1,312";2
"14856";5305;3;"1,311";1
"14477";5157;4;"1,310";0
"16120";5061;4;"1,309";2
"14047";5193;5;"1,309";0
"14297";5092;4;"1,305";2
"12507";5187;3;"1,305";0
"16744";5213;7;"1,305";0
"14898";5100;6;"1,304";2
"17919";5032;1;"1,304";2
"15108";5218;4;"1,300";0
"15494";5094;2;"1,299";2
"15602";5060;9;"1,298";2
"12372";5066;3;"1,298";2
"17961";5032;39;"1,296";2
"16929";5187;7;"1,295";0
"16224";5281;4;"1,295";1
"15621";5243;4;"1,293";0
"15171";5040;1;"1,290";2
"15136";5182;4;"1,287";0
"17350";5363;4;"1,286";1
"16949";5188;6;"1,286";0
"17802";5035;3;"1,285";2
"16899";5062;6;"1,282";2
"13538";5063;7;"1,281";2
"16951";5161;3;"1,278";0
"17019";5577;4;"1,273";3
"12394";5184;2;"1,272";0
"14669";5037;3;"1,270";2
"13492";5127;3;"1,270";2
"15199";5061;4;"1,269";2
"14916";5185;4;"1,269";0
"13431";5032;2;"1,269";2
"17158";5183;3;"1,267";0
"13989";5245;2;"1,266";0
"16842";5100;3;"1,264";2
"16688";5092;4;"1,261";2
"17388";5036;4;"1,260";2
"14931";5243;5;"1,258";0
"16639";5152;3;"1,258";0
"17412";5061;7;"1,258";2
"17481";5185;4;"1,256";0
"13848";5154;3;"1,255";0
"17262";5516;5;"1,253";3
"14698";5151;5;"1,251";0
"12689";5277;2;"1,248";1
"13029";5121;3;"1,248";2
"14383";5214;3;"1,248";0
"13860";5151;5;"1,246";0
"12494";5368;7;"1,246";1
"16531";5277;7;"1,245";1
"14428";5305;5;"1,245";1
"17584";5277;2;"1,242";1
"17731";5126;4;"1,240";2
"12985";5060;2;"1,239";2
"13476";5313;2;"1,238";1
"13931";5246;2;"1,238";0
"15201";5220;5;"1,237";0
"14684";5158;5;"1,236";0
"15376";5370;3;"1,233";1
"15910";5120;8;"1,232";2
"18080";5067;2;"1,232";2
"18171";5031;5;"1,231";2
"14913";5068;4;"1,227";2
"12997";5032;4;"1,227";2
"17774";5192;4;"1,225";0
"13208";5031;6;"1,224";2
"15841";5250;4;"1,224";0
"16794";5035;10;"1,223";2
"14745";5157;5;"1,220";0
"15227";5158;5;"1,219";0
"13491";5070;10;"1,216";2
"17410";5031;5;"1,215";2
"13055";5097;3;"1,214";2
"18263";5187;3;"1,213";0
"12464";5314;8;"1,212";1
"17653";5063;4;"1,208";2
"15737";5067;8;"1,205";2
"17320";5577;3;"1,201";3
"13158";5033;4;"1,201";2
"17800";5068;9;"1,199";2
"15605";5062;5;"1,198";2
"13211";5246;3;"1,197";0
"16042";5070;5;"1,197";2
"17867";5121;6;"1,197";2
"14487";5062;6;"1,196";2
"17720";5547;4;"1,196";3
"17526";5243;4;"1,196";0
"15145";5243;4;"1,195";0
"13882";5121;5;"1,191";2
"12462";5130;2;"1,190";2
"16612";5033;4;"1,188";2
"13752";5127;6;"1,186";2
"16950";5186;3;"1,179";0
"12885";5155;3;"1,175";0
"15306";5154;3;"1,174";0
"14857";5061;2;"1,173";2
"13611";5062;3;"1,172";2
"18168";5100;6;"1,170";2
"12358";5034;2;"1,168";2
"13500";5124;3;"1,167";2
"14737";5212;3;"1,165";0
"14447";5282;5;"1,163";1
"16714";5250;3;"1,162";0
"17348";5060;5;"1,160";2
"15088";5306;2;"1,160";1
"16184";5036;6;"1,159";2
"13499";5091;5;"1,159";2
"14723";5305;6;"1,158";1
"13744";5246;2;"1,156";0
"16637";5092;4;"1,154";2
"16062";5037;4;"1,154";2
"12710";5276;3;"1,149";1
"16766";5068;2;"1,146";2
"17505";5368;2;"1,146";1
"17770";5066;5;"1,143";2
"18125";5091;4;"1,143";2
"15985";5155;2;"1,142";0
"13330";5154;3;"1,141";0
"17135";5333;7;"1,140";1
"16172";5037;5;"1,140";2
"13819";5069;3;"1,140";2
"17500";5091;3;"1,138";2
"17302";5124;5;"1,136";2
"17242";5035;2;"1,135";2
"15489";5036;3;"1,134";2
"17585";5254;4;"1,133";0
"16989";5034;6;"1,133";2
"13772";5213;3;"1,132";0
"13282";5311;3;"1,132";1
"13610";5098;7;"1,132";2
"15500";5363;4;"1,132";1
"13310";5060;3;"1,132";2
"13447";5213;3;"1,129";0
"14824";5123;4;"1,128";2
"12609";5218;3;"1,127";0
"14708";5156;3;"1,126";0
"17470";5219;5;"1,125";0
"14129";5151;5;"1,124";0
"17562";5094;7;"1,122";2
"16807";5158;3;"1,122";0
"13486";5187;3;"1,122";0
"16086";5061;5;"1,121";2
"15730";5154;3;"1,121";0
"14276";5035;3;"1,120";2
"17894";5276;8;"1,120";1
"12842";5283;2;"1,119";1
"15716";5608;4;"1,119";3
"13064";5032;4;"1,119";2
"17788";5336;2;"1,118";1
"13591";5214;3;"1,117";0
"14971";5274;3;"1,117";1
"16350";5101;4;"1,116";2
"12679";5031;4;"1,113";2
"17609";5100;5;"1,112";2
"14161";5158;3;"1,111";0
"14817";5191;2;"1,110";0
"12399";5033;4;"1,109";2
"16833";5131;4;"1,107";2
"12857";5100;2;"1,106";2
"14410";5154;9;"1,105";0
"14948";5280;6;"1,102";1
"14744";5061;7;"1,100";2
"13104";5212;6;"1,098";0
"17966";5064;5;"1,098";2
"16533";5334;3;"1,096";1
"16225";5191;5;"1,096";0
"13652";5577;3;"1,095";3
"15745";5213;4;"1,095";0
"15608";5060;4;"1,094";2
"13521";5151;3;"1,094";0
"12534";5367;1;"1,089";1
"15763";5152;2;"1,087";0
"13467";5305;2;"1,084";1
"16200";5243;2;"1,081";0
"14561";5157;3;"1,081";0
"15197";5371;3;"1,080";1
"13726";5364;2;"1,080";1
"13715";5254;5;"1,079";0
"14352";5068;4;"1,079";2
"16094";5091;4;"1,078";2
"13131";5249;3;"1,073";0
"15238";5091;3;"1,072";2
"15712";5126;5;"1,072";2
"17522";5126;5;"1,071";2
"13635";5306;1;"1,071";1
"14212";5062;1;"1,070";2
"16918";5184;6;"1,069";0
"17214";5092;6;"1,069";2
"15027";5121;4;"1,066";2
"15801";5092;3;"1,064";2
"14488";5306;1;"1,064";1
"12951";5251;6;"1,064";0
"17287";5371;7;"1,064";1
"16214";5371;3;"1,063";1
"14411";5342;1;"1,063";1
"15996";5032;6;"1,061";2
"15706";5184;4;"1,061";0
"14465";5100;3;"1,059";2
"18130";5060;3;"1,059";2
"13455";5516;2;"1,058";3
"14419";5092;6;"1,058";2
"15407";5126;4;"1,056";2
"14514";5040;3;"1,055";2
"14583";5188;5;"1,053";0
"12716";5212;2;"1,053";0
"12849";5152;2;"1,051";0
"14224";5158;4;"1,050";0
"15464";5254;1;"1,049";0
"14078";5097;6;"1,049";2
"15839";5213;3;"1,048";0
"14293";5192;4;"1,047";0
"15777";5037;4;"1,047";2
"16520";5218;3;"1,047";0
"17042";5094;5;"1,044";2
"15192";5033;3;"1,044";2
"15073";5188;3;"1,043";0
"14389";5245;2;"1,043";0
"14584";5126;4;"1,042";2
"13719";5213;5;"1,042";0
"18221";5036;5;"1,042";2
"15434";5152;5;"1,041";0
"14446";5060;4;"1,040";2
"16175";5215;4;"1,038";0
"16320";5097;2;"1,038";2
"12691";5031;6;"1,036";2
"12599";5064;7;"1,033";2
"12724";5070;4;"1,031";2
"17405";5034;3;"1,031";2
"12717";5064;2;"1,031";2
"13235";5066;1;"1,031";2
"13253";5217;2;"1,030";0
"17033";5127;3;"1,030";2
"16682";5154;5;"1,028";0
"15104";5341;2;"1,027";1
"13956";5098;5;"1,026";2
"16160";5245;2;"1,025";0
"14904";5182;2;"1,025";0
"15658";5314;5;"1,024";1
"17096";5031;4;"1,022";2
"14346";5063;2;"1,022";2
"12572";5363;2;"1,020";1
"13376";5366;3;"1,020";1
"18142";5158;2;"1,020";0
"12828";5182;6;"1,019";0
"14083";5068;9;"1,018";2
"13728";5305;6;"1,016";1
"13867";5152;3;"1,015";0
"17197";5091;1;"1,013";2
"12739";5366;2;"1,013";1
"14775";5031;3;"1,012";2
"14195";5371;2;"1,012";1
"16229";5066;2;"1,011";2
"16572";5064;3;"1,010";2
"16174";5064;3;"1,010";2
"17951";5728;3;"1,009";3
"17646";5280;3;"1,008";1
"13429";5092;4;"1,007";2
"17126";5095;5;"1,005";2
"14214";5121;5;"1,004";2
"13410";5249;5;"1,003";0
"15508";5280;6;"1,000";1
