"CustomerID";"Recency";"Frequency";"Monetary"
"12722";5034;4;"998"
"14540";5314;3;"996"
"15110";5247;4;"996"
"16009";5183;4;"993"
"16232";5158;4;"991"
"14223";5154;3;"991"
"17324";5040;4;"990"
"17939";5309;1;"99"
"15062";5219;4;"988"
"16376";5363;2;"987"
"18237";5033;5;"987"
"13117";5094;8;"985"
"17144";5151;2;"985"
"15071";5129;2;"982"
"15133";5069;3;"982"
"16907";5091;5;"982"
"16085";5031;5;"982"
"16188";5067;4;"982"
"14138";5151;2;"982"
"12541";5091;3;"981"
"13509";5068;7;"980"
"18170";5213;3;"980"
"18033";5245;1;"98"
"14920";5066;2;"978"
"15860";5186;8;"977"
"14522";5154;4;"975"
"15449";5188;3;"975"
"13026";5129;5;"975"
"12994";5063;3;"974"
"15747";5063;3;"974"
"17618";5251;3;"972"
"13155";5213;4;"972"
"16419";5129;6;"972"
"17325";5282;1;"97"
"14256";5455;2;"969"
"15907";5212;3;"967"
"13138";5697;6;"962"
"14006";5037;3;"962"
"15156";5151;3;"961"
"17024";5248;3;"96"
"14642";5031;1;"96"
"14629";5243;2;"959"
"13823";5123;2;"958"
"12697";5060;3;"958"
"15948";5363;2;"955"
"17097";5182;8;"954"
"15421";5031;4;"950"
"13636";5124;5;"949"
"13748";5190;5;"948"
"15787";5122;3;"948"
"15707";5214;4;"946"
"17289";5035;3;"944"
"14075";5243;3;"942"
"12820";5212;4;"942"
"15576";5333;1;"941"
"15289";5091;3;"940"
"13651";5274;2;"94"
"13283";5061;2;"94"
"18227";5219;1;"94"
"17527";5250;4;"939"
"17227";5092;6;"939"
"14140";5152;2;"935"
"16027";5100;6;"935"
"14081";5100;2;"935"
"12924";5032;4;"934"
"13655";5037;2;"933"
"18133";5066;1;"932"
"17552";5092;4;"930"
"12821";5127;1;"93"
"14231";5126;3;"926"
"14475";5161;3;"926"
"17048";5040;3;"925"
"13805";5336;2;"925"
"15312";5158;4;"925"
"16551";5193;3;"922"
"13122";5215;2;"922"
"17323";5122;7;"921"
"13984";5247;5;"921"
"13075";5336;1;"920"
"12652";5040;1;"920"
"14054";5245;1;"92"
"12789";5245;1;"92"
"12659";5091;1;"92"
"13549";5034;7;"918"
"15253";5032;5;"918"
"14712";5091;3;"917"
"17236";5067;6;"916"
"16809";5122;5;"915"
"14141";5061;4;"915"
"15587";5062;4;"914"
"15364";5246;2;"913"
"13782";5186;6;"912"
"13192";5246;2;"912"
"14289";5037;6;"911"
"18096";5184;3;"911"
"13689";5184;1;"910"
"17511";5037;31;"91,062"
"13947";5245;1;"91"
"15488";5154;1;"91"
"14353";5158;1;"91"
"15511";5364;5;"909"
"13038";5126;3;"908"
"14449";5190;4;"907"
"16716";5373;2;"901"
"17848";5281;9;"901"
"17566";5363;2;"901"
"17886";5152;3;"900"
"15552";5219;1;"90"
"14219";5243;1;"90"
"16597";5243;1;"90"
"12590";5036;2;"9,864"
"13001";5157;13;"9,819"
"13199";5152;38;"9,817"
"15078";5124;32;"9,743"
"12709";5031;15;"9,737"
"13458";5037;14;"9,647"
"14733";5070;12;"9,586"
"16523";5062;21;"9,418"
"12567";5157;10;"9,401"
"14367";5064;16;"9,262"
"14667";5099;25;"9,241"
"18092";5033;11;"9,068"
"13969";5061;18;"9,054"
"12451";5245;5;"9,036"
"13662";5066;3;"898"
"17537";5091;2;"898"
"15079";5066;4;"896"
"15865";5032;3;"895"
"15211";5092;2;"894"
"12772";5061;1;"892"
"15255";5275;1;"891"
"13515";5220;4;"891"
"14344";5129;8;"890"
"17007";5127;6;"890"
"14240";5121;2;"890"
"17027";5372;6;"890"
"12686";5669;1;"89"
"14436";5335;1;"89"
"14623";5183;5;"889"
"16347";5305;2;"888"
"16900";5184;3;"887"
"17109";5091;6;"885"
"15822";5212;2;"885"
"15799";5131;3;"884"
"14597";5369;2;"883"
"18236";5091;6;"882"
"13037";5280;3;"881"
"15180";5547;1;"88"
"15653";5154;2;"877"
"15100";5101;3;"876"
"16513";5243;4;"875"
"13294";5281;2;"874"
"15208";5151;5;"870"
"12694";5126;2;"870"
"13200";5247;4;"870"
"13203";5063;4;"869"
"14912";5190;2;"868"
"16235";5070;5;"867"
"14715";5040;4;"867"
"16121";5158;2;"867"
"16567";5193;2;"866"
"14332";5275;3;"866"
"16221";5129;3;"865"
"13846";5067;3;"865"
"12680";5062;4;"863"
"14577";5394;4;"860"
"12794";5335;2;"860"
"17064";5031;3;"859"
"14553";5213;5;"859"
"16163";5485;2;"857"
"12693";5036;4;"856"
"17560";5187;4;"855"
"16037";5161;3;"855"
"16877";5095;6;"854"
"14193";5306;2;"853"
"16070";5183;2;"852"
"16020";5245;3;"851"
"13841";5371;1;"85"
"15729";5066;1;"85"
"13666";5092;3;"85"
"12713";5120;1;"849"
"14657";5187;4;"848"
"16924";5214;3;"847"
"14803";5129;3;"846"
"15965";5060;4;"846"
"15164";5284;3;"843"
"17624";5250;2;"843"
"17929";5283;4;"843"
"17076";5068;3;"841"
"12401";5130;1;"84"
"13940";5214;4;"839"
"17115";5096;3;"838"
"16554";5040;3;"837"
"16747";5306;2;"836"
"17169";5126;2;"836"
"12728";5070;4;"836"
"13835";5158;4;"835"
"16644";5066;2;"834"
"15862";5363;4;"833"
"14644";5306;2;"831"
"17309";5246;1;"83"
"13681";5187;4;"828"
"12781";5184;2;"827"
"12461";5156;2;"827"
"17921";5214;4;"827"
"15525";5182;3;"826"
"12427";5092;3;"826"
"16284";5152;2;"824"
"12778";5126;6;"822"
"17764";5036;2;"819"
"13220";5188;4;"819"
"16943";5036;3;"817"
"15649";5193;2;"816"
"15399";5151;3;"816"
"14499";5221;3;"815"
"13811";5126;3;"815"
"16460";5060;3;"815"
"13280";5124;3;"815"
"16600";5243;6;"814"
"14421";5036;2;"813"
"16621";5158;4;"813"
"13637";5249;3;"811"
"16891";5151;5;"810"
"16029";5061;63;"81,025"
"17620";5061;1;"81"
"16789";5363;1;"81"
"18281";5035;1;"81"
"17114";5131;8;"809"
"15533";5062;3;"808"
"15952";5213;4;"807"
"12422";5246;3;"804"
"16367";5333;2;"804"
"18248";5124;2;"804"
"18265";5278;2;"802"
"15831";5031;3;"802"
"16806";5311;4;"801"
"15561";5158;4;"801"
"17905";5217;4;"800"
"13747";5728;1;"80"
"13488";5040;13;"8,968"
"13090";5152;14;"8,911"
"16033";5036;20;"8,816"
"17017";5182;20;"8,694"
"17243";5060;26;"8,677"
"17306";5160;19;"8,631"
"16656";5034;15;"8,626"
"14527";5032;55;"8,509"
"12683";5036;15;"8,477"
"15358";5032;22;"8,347"
"16558";5068;20;"8,338"
"14056";5066;23;"8,215"
"14936";5129;8;"8,137"
"16672";5037;20;"8,135"
"13854";5032;25;"8,110"
"14952";5032;11;"8,099"
"18109";5035;26;"8,053"
"14796";5064;17;"8,022"
"13030";5577;2;"799"
"17703";5274;3;"799"
"12701";5067;2;"798"
"16438";5273;5;"798"
"17180";5037;4;"796"
"14976";5099;7;"791"
"13167";5306;4;"791"
"16759";5121;3;"790"
"13016";5155;3;"790"
"15753";5161;1;"79"
"16078";5372;1;"79"
"13329";5152;2;"789"
"13323";5183;5;"788"
"13884";5062;5;"788"
"13212";5122;3;"788"
"16546";5697;2;"787"
"13109";5061;2;"787"
"12628";5213;3;"786"
"15806";5160;3;"785"
"15743";5157;4;"784"
"17387";5213;2;"784"
"18136";5036;3;"784"
"17006";5152;4;"782"
"13583";5187;1;"781"
"15679";5096;4;"781"
"17341";5217;3;"781"
"16725";5100;7;"781"
"17797";5096;3;"780"
"12735";5223;2;"780"
"17942";5332;1;"78"
"13375";5032;1;"779"
"14815";5305;2;"779"
"16505";5152;1;"778"
"17414";5157;2;"778"
"15353";5547;2;"777"
"15618";5154;4;"777"
"13314";5151;3;"776"
"16825";5188;2;"775"
"15414";5067;3;"775"
"14234";5121;4;"775"
"16043";5036;4;"774"
"12965";5062;1;"772"
"17409";5157;2;"772"
"14662";5060;4;"771"
"16770";5697;5;"770"
"13992";5121;1;"77"
"17516";5033;5;"768"
"14672";5193;2;"766"
"17268";5034;4;"764"
"14883";5036;6;"762"
"16205";5121;4;"761"
"15668";5219;1;"76"
"16610";5280;1;"76"
"17995";5313;1;"76"
"18113";5577;1;"76"
"17425";5092;2;"759"
"12413";5223;3;"758"
"15568";5182;3;"758"
"17979";5274;4;"758"
"17461";5091;3;"757"
"15223";5281;2;"756"
"13370";5669;1;"755"
"18104";5333;1;"755"
"13730";5368;2;"753"
"15656";5311;4;"749"
"13623";5121;5;"748"
"14201";5092;7;"747"
"16261";5190;4;"747"
"14050";5152;2;"746"
"13950";5190;4;"745"
"14790";5033;4;"745"
"15252";5126;2;"741"
"13900";5126;3;"741"
"17692";5192;4;"741"
"17974";5280;3;"741"
"18032";5131;1;"74"
"12976";5036;1;"739"
"15045";5064;2;"736"
"15215";5276;3;"735"
"16362";5061;5;"735"
"18156";5608;2;"735"
"16146";5248;3;"734"
"17812";5364;4;"732"
"13575";5031;5;"732"
"13736";5273;2;"732"
"14778";5277;2;"731"
"12468";5249;2;"730"
"18035";5274;3;"730"
"17906";5220;1;"73"
"16171";5061;1;"73"
"13077";5151;4;"729"
"17666";5212;2;"728"
"14869";5363;2;"726"
"17888";5061;8;"726"
"16140";5245;2;"725"
"12723";5212;5;"725"
"15636";5062;2;"725"
"17521";5091;3;"723"
"18062";5223;3;"721"
"13686";5096;1;"72"
"13938";5274;1;"72"
"15274";5243;2;"717"
"17884";5212;4;"717"
"15400";5154;5;"716"
"12535";5123;2;"716"
"15330";5092;2;"715"
"15757";5219;2;"714"
"13147";5121;4;"713"
"17761";5183;1;"713"
"12616";5246;2;"713"
"13169";5184;2;"713"
"13587";5184;1;"712"
"13705";5332;3;"712"
"17642";5033;2;"712"
"15855";5126;5;"712"
"13249";5154;3;"711"
"17472";5369;3;"710"
"14127";5124;3;"710"
"14867";5188;3;"710"
"17022";5152;1;"71"
"16136";5061;3;"709"
"16449";5282;2;"708"
"15951";5363;2;"708"
"14880";5188;3;"706"
"14126";5332;3;"706"
"16882";5275;3;"705"
"16015";5212;3;"705"
"15038";5031;6;"705"
"17934";5031;2;"704"
"15103";5152;2;"703"
"12883";5062;4;"703"
"16997";5314;3;"702"
"15574";5697;4;"702"
"17321";5306;2;"701"
"18037";5156;6;"70"
"12428";5063;9;"7,956"
"15290";5152;18;"7,943"
"14849";5033;25;"7,931"
"12757";5036;13;"7,857"
"17811";5032;39;"7,838"
"13093";5129;8;"7,832"
"13629";5121;11;"7,792"
"15044";5037;17;"7,700"
"15194";5152;15;"7,617"
"18172";5036;20;"7,562"
"13263";5036;35;"7,454"
"12474";5034;18;"7,376"
"12980";5040;9;"7,375"
"15465";5035;18;"7,355"
"17396";5306;8;"7,331"
"12583";5031;15;"7,281"
"13018";5121;28;"7,278"
"18229";5031;20;"7,277"
"16923";5095;19;"7,248"
"16729";5037;21;"7,240"
"16745";5033;17;"7,194"
"16873";5122;6;"7,124"
"13324";5062;10;"7,122"
"13985";5031;15;"7,060"
"14961";5123;9;"7,045"
"16454";5214;2;"7"
"15800";5190;2;"699"
"14829";5091;4;"698"
"15053";5217;3;"698"
"17796";5131;4;"698"
"17423";5219;2;"698"
"13596";5273;2;"697"
"14959";5158;4;"695"
"15304";5092;8;"694"
"12925";5243;2;"694"
"14111";5037;4;"693"
"13601";5036;2;"693"
"12410";5283;2;"693"
"13838";5273;4;"692"
"17198";5485;3;"692"
"17733";5364;2;"692"
"13023";5214;2;"690"
"16212";5372;2;"690"
"18085";5728;2;"690"
"17502";5091;4;"689"
"15181";5275;3;"689"
"18196";5246;2;"689"
"16642";5243;2;"688"
"16122";5070;4;"684"
"12942";5485;3;"684"
"16495";5160;3;"684"
"12838";5213;2;"683"
"15582";5311;3;"683"
"17874";5188;6;"683"
"18135";5091;5;"682"
"13548";5098;2;"682"
"12478";5212;1;"681"
"13524";5280;5;"680"
"16872";5157;3;"680"
"14393";5250;1;"68"
"14788";5332;2;"679"
"13925";5094;4;"678"
"17994";5068;4;"678"
"13040";5213;2;"677"
"17462";5092;2;"676"
"13355";5124;1;"675"
"16418";5154;3;"675"
"13464";5031;1;"675"
"14504";5098;4;"673"
"18121";5156;2;"673"
"17883";5190;4;"672"
"14628";5067;2;"672"
"12638";5213;1;"672"
"17299";5062;4;"669"
"14342";5152;4;"669"
"15031";5121;4;"668"
"13741";5126;3;"668"
"18022";5274;1;"668"
"17105";5222;2;"666"
"15969";5182;3;"666"
"13963";5283;4;"665"
"13240";5276;4;"664"
"14720";5062;3;"664"
"15643";5341;3;"664"
"14451";5092;2;"663"
"16014";5095;3;"662"
"16774";5306;4;"662"
"18218";5036;2;"662"
"14603";5099;1;"660"
"16684";5243;28;"66,654"
"14150";5274;2;"659"
"16357";5097;3;"659"
"13759";5213;2;"659"
"15492";5060;2;"659"
"12577";5274;3;"658"
"16696";5097;4;"658"
"13049";5214;2;"657"
"17459";5092;2;"657"
"16444";5246;4;"655"
"14651";5036;2;"655"
"14548";5034;2;"653"
"14044";5314;4;"653"
"15205";5277;2;"653"
"14034";5248;3;"652"
"16969";5369;3;"650"
"16469";5190;4;"650"
"15571";5213;4;"650"
"14096";5091;17;"65,165"
"13694";5097;50;"65,040"
"17382";5245;1;"65"
"12589";5060;2;"647"
"14855";5033;2;"646"
"15651";5305;3;"646"
"12719";5245;2;"645"
"17312";5187;3;"644"
"16431";5097;3;"643"
"14020";5032;2;"643"
"13034";5608;2;"643"
"17046";5248;1;"642"
"15297";5091;3;"642"
"13318";5151;3;"641"
"13417";5243;2;"641"
"15919";5577;2;"640"
"13302";5187;1;"64"
"13130";5215;1;"64"
"17515";5152;4;"639"
"14664";5213;2;"638"
"14128";5092;2;"638"
"15829";5366;2;"636"
"15773";5273;1;"636"
"14000";5036;1;"636"
"13892";5190;4;"633"
"14220";5220;2;"632"
"14021";5036;3;"632"
"15244";5245;2;"632"
"16306";5069;6;"632"
"13822";5273;2;"632"
"18183";5099;2;"632"
"13539";5314;3;"631"
"13218";5277;1;"63"
"14437";5485;1;"63"
"13525";5251;2;"629"
"13046";5121;2;"629"
"15028";5363;4;"627"
"13914";5305;2;"626"
"16718";5608;1;"624"
"16750";5094;5;"624"
"12649";5066;3;"624"
"15182";5156;2;"623"
"13368";5223;2;"623"
"15258";5219;2;"623"
"16915";5251;6;"622"
"17460";5215;6;"622"
"18217";5091;2;"622"
"13402";5277;2;"621"
"12667";5031;1;"620"
"16141";5032;1;"620"
"14529";5092;3;"620"
"13493";5129;2;"619"
"13145";5123;4;"619"
"12596";5067;2;"618"
"13301";5278;4;"618"
"16442";5151;3;"617"
"14377";5369;2;"617"
"14905";5248;2;"616"
"16005";5096;4;"615"
"15275";5333;1;"615"
"16116";5036;1;"613"
"16109";5250;2;"612"
"18149";5068;3;"612"
"12673";5273;2;"611"
"13731";5190;2;"611"
"14636";5305;2;"610"
"12933";5372;3;"608"
"15573";5152;2;"607"
"17119";5061;2;"607"
"14133";5336;3;"606"
"17849";5101;4;"606"
"17507";5314;2;"606"
"14710";5061;4;"606"
"13888";5033;2;"606"
"13558";5122;4;"605"
"12944";5274;2;"605"
"17664";5066;2;"605"
"13233";5193;2;"605"
"16732";5152;1;"604"
"12556";5064;2;"604"
"17259";5577;2;"603"
"12654";5333;5;"602"
"16654";5249;4;"601"
"12872";5485;2;"600"
"12420";5184;1;"600"
"18211";5221;5;"600"
"15311";5031;91;"60,768"
"17174";5219;1;"60"
"13682";5249;1;"60"
"12766";5131;7;"6,990"
"12989";5032;15;"6,924"
"16713";5037;15;"6,923"
"13027";5187;6;"6,912"
"16187";5152;15;"6,911"
"17416";5091;7;"6,893"
"12705";5159;9;"6,868"
"12476";5250;11;"6,816"
"12830";5123;6;"6,815"
"15023";5160;11;"6,803"
"18055";5308;10;"6,784"
"15601";5062;14;"6,777"
"16652";5031;7;"6,774"
"16532";5254;3;"6,749"
"13576";5091;18;"6,717"
"16746";5033;18;"6,698"
"15249";5033;13;"6,688"
"16353";5040;23;"6,676"
"17338";5040;8;"6,644"
"12626";5214;9;"6,620"
"16182";5367;4;"6,618"
"15144";5031;17;"6,580"
"12472";5183;7;"6,572"
"16814";5037;21;"6,509"
"12431";5033;15;"6,487"
"18223";5221;14;"6,485"
"15694";5091;14;"6,479"
"13225";5092;7;"6,464"
"13102";5070;24;"6,424"
"13871";5099;13;"6,403"
"12359";5040;4;"6,373"
"13668";5067;21;"6,364"
"13709";5212;13;"6,328"
"15005";5131;28;"6,317"
"17315";5036;38;"6,292"
"16126";5091;4;"6,288"
"14057";5062;17;"6,218"
"12357";5213;1;"6,208"
"14060";5101;19;"6,140"
"13418";5066;18;"6,127"
"17509";5092;8;"6,115"
"15939";5035;15;"6,115"
"14735";5212;32;"6,066"
"12637";5123;8;"6,022"
"13097";5124;10;"6,010"
"14792";5184;1;"6"
"13311";5034;2;"599"
"14965";5276;2;"599"
"17420";5728;3;"599"
"13959";5313;3;"598"
"14108";5121;2;"598"
"16298";5218;3;"598"
"17864";5062;3;"598"
"16788";5155;2;"597"
"15381";5097;2;"597"
"14645";5129;2;"597"
"14284";5121;2;"595"
"17658";5036;2;"595"
"15442";5251;1;"594"
"12917";5308;1;"594"
"16325";5159;3;"594"
"16535";5273;1;"594"
"16203";5031;4;"593"
"18232";5248;4;"593"
"13276";5184;2;"591"
"14882";5213;2;"590"
"13270";5516;1;"590"
"16723";5123;2;"589"
"18123";5152;2;"589"
"14338";5368;2;"588"
"17351";5068;3;"587"
"17360";5157;3;"586"
"17014";5183;3;"586"
"12384";5060;2;"585"
"16384";5062;2;"585"
"13557";5060;2;"584"
"14023";5312;2;"584"
"15762";5245;2;"584"
"13427";5063;3;"583"
"17970";5036;1;"583"
"12695";5275;4;"582"
"16906";5218;4;"580"
"18095";5070;2;"580"
"13089";5037;97;"58,826"
"17949";5034;45;"58,510"
"13292";5364;2;"579"
"14176";5547;4;"577"
"12601";5070;5;"577"
"16916";5697;2;"576"
"15550";5069;4;"576"
"15830";5333;1;"576"
"13487";5097;3;"575"
"14167";5040;4;"575"
"15339";5275;2;"574"
"12879";5123;3;"573"
"13379";5334;3;"573"
"12816";5246;2;"572"
"13816";5214;2;"572"
"15821";5122;2;"571"
"17616";5547;3;"571"
"15315";5214;2;"571"
"16667";5334;2;"570"
"14592";5214;3;"570"
"13939";5373;3;"569"
"17897";5547;3;"567"
"18150";5183;3;"567"
"13894";5342;3;"565"
"15344";5120;3;"564"
"16933";5151;2;"563"
"17265";5035;2;"563"
"12559";5342;2;"562"
"12414";5219;3;"562"
"15655";5098;1;"561"
"14273";5067;4;"560"
"18043";5516;3;"560"
"15769";5121;26;"56,253"
"15899";5577;1;"56"
"17503";5182;2;"559"
"14177";5246;4;"559"
"12866";5372;1;"559"
"13800";5314;1;"558"
"13260";5122;1;"558"
"17295";5060;3;"557"
"17955";5250;4;"557"
"16385";5092;3;"556"
"14891";5249;2;"554"
"14618";5223;3;"553"
"12363";5067;2;"552"
"17291";5283;1;"551"
"17674";5577;2;"551"
"17235";5697;2;"550"
"16031";5154;2;"549"
"16211";5032;1;"547"
"16811";5243;2;"547"
"17637";5152;2;"547"
"14997";5032;3;"546"
"12793";5131;2;"545"
"13617";5035;3;"544"
"16475";5032;4;"544"
"16927";5160;3;"543"
"16230";5310;2;"542"
"15061";5036;48;"54,534"
"13812";5214;3;"539"
"14496";5373;2;"539"
"15452";5091;3;"539"
"15469";5063;2;"539"
"17062";5485;4;"538"
"15539";5332;1;"538"
"17345";5185;4;"538"
"16233";5516;3;"537"
"15043";5152;1;"537"
"16206";5186;4;"537"
"13000";5455;3;"535"
"16142";5281;1;"535"
"17443";5280;1;"534"
"13434";5276;2;"534"
"13217";5124;3;"534"
"15756";5095;4;"533"
"15433";5097;2;"533"
"16706";5333;3;"531"
"14463";5335;3;"530"
"14002";5217;2;"530"
"18159";5069;1;"530"
"17631";5151;3;"528"
"16602";5305;1;"528"
"17623";5183;1;"527"
"16892";5091;5;"526"
"17290";5212;2;"525"
"15467";5095;3;"525"
"17429";5188;3;"525"
"13721";5305;1;"524"
"18017";5342;3;"523"
"14871";5212;4;"522"
"12571";5094;2;"520"
"14682";5249;2;"52"
"14865";5332;2;"52"
"16955";5157;4;"519"
"13643";5152;3;"519"
"18205";5305;2;"517"
"15809";5100;5;"516"
"15882";5577;4;"516"
"13043";5068;1;"516"
"13005";5190;2;"514"
"16561";5061;2;"511"
"15406";5069;2;"511"
"14298";5121;44;"51,527"
"13011";5697;1;"51"
"14317";5214;1;"509"
"12436";5366;1;"509"
"16898";5577;3;"509"
"13885";5310;2;"507"
"14820";5213;4;"507"
"16960";5092;3;"507"
"16614";5096;1;"506"
"15081";5245;5;"505"
"16863";5152;2;"503"
"13865";5031;4;"502"
"15881";5455;5;"501"
"16616";5248;2;"500"
"14958";5159;3;"500"
"14088";5308;13;"50,492"
"13316";5333;4;"5,978"
"15382";5157;6;"5,956"
"14505";5097;8;"5,906"
"14415";5096;13;"5,900"
"14944";5091;12;"5,900"
"13209";5121;8;"5,892"
"13534";5161;25;"5,870"
"13050";5094;17;"5,837"
"12720";5034;25;"5,782"
"15218";5219;11;"5,757"
"17686";5063;7;"5,739"
"13178";5127;11;"5,725"
"16553";5099;12;"5,720"
"13468";5031;37;"5,705"
"14110";5032;12;"5,683"
"14049";5278;4;"5,682"
"17049";5127;9;"5,660"
"13004";5101;18;"5,656"
"17716";5091;11;"5,656"
"18118";5060;26;"5,654"
"14688";5034;21;"5,631"
"17757";5095;30;"5,605"
"12481";5193;10;"5,596"
"12839";5126;14;"5,591"
"16767";5096;11;"5,581"
"16161";5061;19;"5,576"
"12539";5101;4;"5,568"
"15805";5152;17;"5,528"
"18225";5192;12;"5,509"
"16609";5034;7;"5,493"
"16985";5032;10;"5,464"
"16265";5161;9;"5,447"
"18198";5152;17;"5,426"
"12490";5127;10;"5,418"
"17809";5069;12;"5,412"
"16701";5040;13;"5,398"
"17719";5032;15;"5,396"
"17850";5697;34;"5,391"
"16303";5101;3;"5,361"
"13269";5032;15;"5,346"
"15150";5183;10;"5,314"
"17730";5060;13;"5,298"
"17061";5250;11;"5,232"
"18226";5063;11;"5,228"
"12362";5061;10;"5,226"
"15046";5100;15;"5,214"
"16258";5277;5;"5,204"
"13756";5092;14;"5,190"
"16191";5069;13;"5,181"
"15727";5040;7;"5,179"
"17858";5033;12;"5,156"
"13599";5037;21;"5,154"
"15903";5060;7;"5,127"
"13941";5062;5;"5,113"
"17602";5182;6;"5,103"
"16700";5034;13;"5,077"
"14562";5091;18;"5,075"
"15301";5249;12;"5,070"
"13139";5158;7;"5,065"
"15719";5183;13;"5,046"
"17426";5123;6;"5,037"
"14329";5068;7;"5,015"
"14755";5131;11;"5,010"
"12444";5031;5;"5,005"
"15193";5092;1;"499"
"14681";5036;3;"499"
"16488";5213;3;"499"
"14077";5096;5;"499"
"17495";5332;2;"498"
"17053";5367;1;"498"
"16820";5246;1;"498"
"17298";5186;2;"498"
"16368";5060;2;"497"
"15300";5214;1;"496"
"17374";5250;2;"496"
"15018";5364;3;"496"
"16352";5333;2;"494"
"12763";5608;2;"494"
"15877";5151;2;"493"
"14270";5040;1;"493"
"13732";5060;1;"492"
"14236";5697;2;"491"
"18074";5728;1;"490"
"14821";5516;1;"49"
"16643";5159;1;"488"
"14396";5245;2;"488"
"17361";5218;3;"488"
"15165";5728;1;"488"
"17453";5214;2;"487"
"13338";5248;1;"487"
"13675";5064;2;"487"
"13153";5273;1;"486"
"15109";5159;1;"485"
"12808";5157;3;"484"
"13531";5516;2;"484"
"16518";5122;2;"484"
"14450";5035;3;"483"
"17555";5131;2;"483"
"16693";5334;2;"482"
"16603";5123;2;"482"
"12504";5121;2;"482"
"18216";5152;1;"482"
"17950";5485;3;"482"
"15091";5306;1;"481"
"15589";5342;3;"479"
"13092";5036;5;"478"
"14320";5070;2;"478"
"12644";5336;1;"478"
"14853";5036;2;"476"
"12447";5098;1;"476"
"15780";5067;3;"475"
"14497";5314;1;"475"
"15557";5060;1;"474"
"15349";5249;2;"474"
"14013";5129;3;"473"
"16374";5275;2;"473"
"16038";5332;3;"472"
"17964";5152;2;"472"
"13066";5183;2;"471"
"14431";5100;1;"470"
"15471";5182;1;"469"
"14896";5485;2;"469"
"15026";5191;3;"469"
"14335";5276;2;"468"
"14029";5184;2;"468"
"13579";5608;2;"467"
"13248";5186;2;"466"
"13928";5152;4;"465"
"17140";5220;1;"465"
"16586";5251;1;"464"
"12787";5123;3;"464"
"14331";5186;2;"463"
"12491";5364;1;"460"
"14080";5183;1;"46"
"15754";5190;3;"459"
"12355";5127;1;"459"
"16589";5368;3;"459"
"13506";5608;2;"459"
"17880";5455;1;"459"
"17392";5222;2;"458"
"15092";5158;2;"458"
"12375";5335;2;"458"
"12999";5159;3;"456"
"16529";5338;1;"455"
"14184";5275;1;"453"
"18158";5032;2;"453"
"18071";5485;2;"453"
"12970";5332;4;"452"
"14173";5280;4;"451"
"13489";5248;4;"450"
"17579";5243;3;"449"
"15739";5275;1;"449"
"15646";5190;3;"448"
"15889";5217;2;"447"
"15456";5372;3;"447"
"14149";5311;1;"447"
"17370";5154;4;"446"
"17190";5031;2;"445"
"18222";5154;1;"443"
"13359";5184;1;"440"
"13954";5151;2;"440"
"16025";5091;1;"440"
"15749";5070;3;"44,534"
"15423";5364;1;"44"
"16968";5243;2;"439"
"12592";5097;2;"438"
"16034";5070;3;"438"
"12552";5364;2;"438"
"15553";5092;1;"437"
"15551";5305;1;"436"
"17035";5159;2;"434"
"14460";5342;3;"434"
"14910";5152;4;"434"
"16881";5275;1;"432"
"15976";5311;2;"431"
"12827";5183;3;"430"
"15450";5121;1;"430"
"14998";5037;2;"430"
"16884";5333;2;"430"
"16324";5308;3;"429"
"15957";5152;1;"429"
"13602";5214;1;"429"
"12802";5218;1;"428"
"12740";5184;1;"428"
"12725";5669;1;"428"
"17869";5158;5;"428"
"15930";5306;1;"427"
"17223";5342;2;"427"
"14288";5097;1;"427"
"13140";5516;3;"424"
"16119";5363;2;"423"
"15012";5728;2;"423"
"13473";5070;2;"423"
"17232";5182;2;"422"
"15206";5129;4;"420"
"12931";5063;15;"42,056"
"15992";5212;1;"42"
"12593";5250;3;"418"
"16629";5276;2;"418"
"17701";5371;1;"418"
"15935";5037;2;"417"
"16957";5313;2;"417"
"13166";5372;1;"417"
"13889";5154;1;"417"
"13085";5248;2;"416"
"12580";5190;1;"416"
"12993";5063;4;"415"
"14333";5306;1;"415"
"16795";5485;1;"415"
"16239";5310;2;"414"
"17483";5126;3;"414"
"17052";5060;1;"414"
"14620";5372;2;"413"
"14670";5282;2;"412"
"17913";5031;2;"412"
"12990";5152;3;"410"
"14048";5192;1;"410"
"16243";5213;2;"409"
"16018";5035;2;"409"
"16010";5159;3;"408"
"15184";5091;2;"407"
"15127";5245;1;"407"
"14616";5067;3;"406"
"15342";5336;1;"406"
"18036";5159;3;"406"
"12922";5368;1;"405"
"15938";5251;5;"405"
"16484";5338;2;"404"
"16319";5219;1;"404"
"15221";5516;1;"403"
"12386";5223;2;"402"
"16500";5243;6;"401"
"13255";5728;2;"400"
"18164";5333;1;"400"
"17841";5031;124;"40,992"
"14589";5669;1;"40"
"15032";5516;3;"4,959"
"15547";5062;14;"4,955"
"12437";5040;18;"4,951"
"12700";5158;4;"4,940"
"14709";5121;13;"4,921"
"17133";5190;7;"4,892"
"12664";5031;9;"4,882"
"14292";5032;9;"4,872"
"17652";5092;12;"4,868"
"15738";5126;16;"4,812"
"13013";5066;13;"4,811"
"15555";5031;16;"4,805"
"17365";5070;8;"4,802"
"15298";5154;12;"4,800"
"15187";5066;16;"4,777"
"17690";5121;15;"4,758"
"12955";5151;11;"4,757"
"14180";5091;25;"4,749"
"15152";5092;13;"4,746"
"16722";5126;13;"4,731"
"14159";5246;11;"4,693"
"14135";5070;15;"4,690"
"14191";5094;13;"4,685"
"15291";5035;15;"4,668"
"14189";5091;15;"4,654"
"14390";5036;9;"4,653"
"14286";5067;3;"4,629"
"16931";5098;21;"4,604"
"13802";5373;3;"4,599"
"15093";5254;6;"4,597"
"14004";5277;7;"4,583"
"17613";5192;14;"4,559"
"17068";5214;21;"4,552"
"12484";5183;6;"4,542"
"13267";5040;19;"4,521"
"15299";5306;7;"4,507"
"17975";5184;13;"4,489"
"12524";5101;8;"4,486"
"14426";5160;10;"4,482"
"16984";5032;2;"4,481"
"17364";5040;11;"4,481"
"12627";5214;7;"4,479"
"14085";5129;18;"4,449"
"14534";5033;18;"4,447"
"13069";5033;24;"4,436"
"15955";5061;14;"4,416"
"16626";5120;17;"4,413"
"15874";5159;7;"4,406"
"12712";5040;13;"4,396"
"16945";5031;19;"4,346"
"14016";5368;4;"4,341"
"14800";5061;12;"4,340"
"14525";5063;9;"4,332"
"17567";5154;8;"4,331"
"12347";5126;7;"4,310"
"15034";5060;8;"4,309"
"17937";5152;7;"4,301"
"14422";5120;6;"4,264"
"12500";5101;11;"4,258"
"17419";5160;12;"4,227"
"14277";5066;3;"4,216"
"15804";5120;13;"4,206"
"17920";5213;17;"4,204"
"15971";5032;12;"4,200"
"12747";5182;11;"4,196"
"14146";5363;5;"4,191"
"18041";5097;21;"4,183"
"12949";5121;8;"4,167"
"15570";5100;12;"4,166"
"16549";5062;10;"4,155"
"13384";5121;7;"4,152"
"15514";5213;11;"4,139"
"12569";5031;32;"4,125"
"16592";5121;16;"4,114"
"17940";5100;10;"4,106"
"17377";5062;20;"4,101"
"16401";5151;12;"4,098"
"16670";5070;11;"4,096"
"12749";5097;5;"4,091"
"14092";5306;14;"4,077"
"12449";5123;4;"4,067"
"18087";5335;2;"4,056"
"14401";5096;13;"4,051"
"12867";5127;7;"4,037"
"12841";5035;25;"4,022"
"12957";5218;8;"4,018"
"12378";5336;1;"4,009"
"14547";5212;8;"4,008"
"16186";5036;12;"4,007"
"15522";5183;2;"399"
"17830";5151;3;"399"
"18154";5212;2;"399"
"12508";5091;2;"398"
"13352";5092;1;"398"
"12824";5061;1;"397"
"13673";5183;2;"397"
"16354";5184;2;"396"
"15883";5182;2;"396"
"15264";5214;1;"394"
"14619";5159;1;"394"
"15386";5218;1;"394"
"17226";5283;1;"393"
"14600";5192;1;"393"
"16917";5160;1;"392"
"15837";5214;1;"392"
"12982";5067;1;"391"
"13873";5033;3;"390"
"17936";5273;1;"390"
"18024";5095;2;"390"
"15098";5096;3;"39,917"
"16659";5310;1;"39"
"12977";5217;1;"39"
"13899";5099;2;"389"
"16250";5728;2;"389"
"13856";5126;3;"389"
"17595";5333;2;"389"
"15847";5364;2;"389"
"14538";5214;2;"388"
"16776";5092;1;"388"
"14420";5366;1;"388"
"17817";5191;3;"388"
"17508";5282;1;"387"
"14114";5068;2;"387"
"14779";5282;3;"386"
"17250";5212;2;"385"
"13919";5061;2;"385"
"13833";5309;1;"385"
"16982";5092;1;"384"
"15048";5245;4;"384"
"13817";5091;2;"383"
"12832";5183;2;"383"
"14304";5370;1;"383"
"17999";5333;2;"382"
"17138";5129;1;"381"
"16930";5334;3;"381"
"16441";5306;2;"381"
"15090";5283;1;"381"
"17573";5091;3;"381"
"13656";5223;2;"380"
"14594";5332;2;"380"
"17031";5156;2;"380"
"14731";5066;3;"380"
"16552";5067;2;"380"
"12855";5697;1;"38"
"13372";5062;1;"379"
"15885";5154;3;"379"
"17078";5305;2;"378"
"17489";5031;2;"377"
"15025";5213;1;"377"
"16858";5577;1;"376"
"14067";5184;2;"375"
"14448";5455;2;"375"
"17492";5251;1;"375"
"14079";5186;1;"375"
"13351";5275;1;"374"
"16321";5192;5;"374"
"12873";5341;1;"374"
"13569";5547;2;"374"
"16903";5091;1;"373"
"12544";5305;1;"373"
"12981";5091;2;"372"
"14690";5064;2;"372"
"17765";5278;3;"372"
"16065";5485;1;"372"
"15063";5097;1;"371"
"15922";5728;1;"370"
"13798";5032;57;"37,154"
"16013";5033;47;"37,131"
"16162";5371;1;"37"
"17816";5245;4;"37"
"16758";5245;1;"369"
"16372";5213;2;"368"
"17358";5130;2;"366"
"17432";5333;2;"366"
"14886";5371;1;"365"
"12373";5373;1;"365"
"16499";5455;2;"365"
"12915";5697;2;"364"
"12538";5091;1;"364"
"14932";5485;1;"364"
"14528";5333;1;"364"
"14171";5335;1;"364"
"17330";5306;2;"364"
"15901";5156;3;"364"
"14427";5184;2;"363"
"16378";5220;3;"363"
"13291";5187;1;"361"
"13298";5151;1;"360"
"13780";5332;2;"360"
"16595";5122;1;"360"
"15940";5373;1;"36"
"16274";5728;1;"358"
"17025";5092;3;"358"
"16971";5364;1;"357"
"14500";5032;3;"357"
"15713";5516;2;"357"
"18040";5159;2;"357"
"15840";5031;2;"356"
"15247";5124;1;"356"
"12617";5091;1;"356"
"13642";5158;1;"355"
"17742";5070;2;"355"
"12888";5127;2;"354"
"17252";5218;2;"354"
"17222";5245;1;"354"
"15870";5183;1;"354"
"13173";5243;2;"354"
"14804";5363;1;"353"
"13210";5185;1;"353"
"17976";5697;1;"353"
"15334";5217;3;"352"
"17835";5182;3;"351"
"12532";5121;1;"350"
"13108";5697;1;"350"
"17831";5213;1;"35"
"14576";5697;1;"35"
"13790";5243;1;"349"
"15405";5310;1;"349"
"15579";5334;2;"349"
"18250";5342;1;"349"
"16159";5313;1;"348"
"13497";5341;2;"348"
"17668";5151;2;"348"
"13052";5066;1;"348"
"13649";5516;2;"347"
"13062";5369;1;"347"
"13091";5060;1;"346"
"17123";5368;1;"345"
"15781";5192;3;"345"
"17569";5070;1;"344"
"15520";5151;1;"344"
"15880";5608;1;"343"
"12875";5394;2;"343"
"18081";5305;3;"343"
"16851";5243;3;"342"
"12519";5184;1;"341"
"14491";5697;2;"341"
"17917";5394;3;"341"
"16422";5061;51;"34,684"
"16183";5306;1;"339"
"17045";5217;3;"339"
"15652";5123;1;"338"
"16105";5251;1;"337"
"18078";5219;2;"336"
"17914";5212;1;"336"
"17384";5280;2;"336"
"12489";5193;1;"335"
"14988";5036;1;"335"
"17221";5305;2;"335"
"14264";5156;2;"334"
"12350";5342;1;"334"
"15918";5338;2;"334"
"16625";5099;1;"333"
"13904";5333;2;"333"
"13727";5060;2;"333"
"16850";5101;1;"332"
"16803";5245;1;"332"
"13706";5100;1;"331"
"12891";5188;3;"331"
"16030";5314;1;"331"
"16478";5214;3;"331"
"14517";5213;2;"330"
"17615";5367;3;"330"
"16593";5310;3;"330"
"12748";5036;209;"33,720"
"15838";5094;19;"33,643"
"15153";5152;1;"329"
"14012";5191;1;"329"
"14024";5094;2;"328"
"14747";5281;1;"328"
"16318";5274;1;"328"
"16322";5151;2;"327"
"15363";5697;1;"326"
"14850";5373;1;"326"
"16830";5364;1;"326"
"14987";5485;2;"326"
"12844";5091;2;"326"
"13801";5275;1;"325"
"15944";5160;1;"325"
"15597";5274;1;"325"
"15675";5187;3;"324"
"14555";5100;2;"324"
"16685";5122;2;"324"
"18261";5246;2;"324"
"13955";5156;2;"323"
"15224";5394;2;"322"
"14823";5035;3;"321"
"14622";5157;1;"321"
"16674";5335;2;"320"
"15107";5070;6;"320"
"17157";5332;2;"319"
"16967";5310;1;"319"
"17229";5276;2;"319"
"17248";5063;1;"319"
"17267";5277;2;"318"
"12648";5156;1;"318"
"15101";5363;2;"318"
"16761";5276;1;"317"
"16386";5060;2;"317"
"15257";5372;1;"317"
"14479";5485;2;"316"
"13494";5373;1;"316"
"12614";5191;1;"316"
"16473";5193;3;"316"
"15766";5214;1;"315"
"16091";5156;2;"315"
"15970";5130;1;"314"
"13484";5037;1;"314"
"12650";5212;1;"314"
"14729";5728;1;"313"
"15318";5212;1;"313"
"13845";5214;1;"313"
"12834";5341;1;"312"
"15326";5101;1;"312"
"17362";5314;2;"312"
"12785";5455;1;"312"
"14142";5728;1;"312"
"13990";5097;1;"311"
"16781";5697;1;"311"
"17854";5188;2;"311"
"17266";5182;3;"311"
"17912";5342;5;"311"
"15661";5254;2;"310"
"14311";5067;1;"310"
"15308";5099;1;"310"
"14339";5067;1;"310"
"14924";5159;1;"310"
"17404";5036;15;"31,907"
"17389";5040;34;"31,834"
"17604";5219;2;"309"
"12884";5032;1;"309"
"15010";5274;1;"309"
"13787";5455;2;"309"
"13699";5187;1;"309"
"13395";5188;1;"308"
"13466";5157;1;"308"
"13369";5485;1;"308"
"15973";5516;1;"308"
"17334";5100;2;"307"
"16668";5096;6;"307"
"15087";5313;1;"307"
"13718";5190;2;"307"
"13762";5250;1;"307"
"14915";5123;2;"307"
"13863";5220;1;"306"
"16796";5062;1;"306"
"18059";5306;3;"306"
"17941";5367;1;"305"
"12623";5160;1;"305"
"13045";5366;1;"305"
"17732";5697;1;"304"
"16217";5341;2;"304"
"16400";5215;1;"304"
"13083";5243;2;"304"
"18185";5281;1;"304"
"15060";5363;4;"303"
"17433";5032;1;"303"
"16425";5100;1;"303"
"16292";5094;1;"302"
"16104";5122;1;"302"
"17978";5485;1;"301"
"16402";5608;2;"300"
"15254";5277;1;"300"
"17769";5061;10;"3,998"
"15529";5129;11;"3,995"
"17001";5120;11;"3,990"
"15416";5187;4;"3,984"
"17611";5067;15;"3,984"
"12779";5251;8;"3,981"
"12727";5246;7;"3,981"
"14299";5031;9;"3,966"
"13523";5213;5;"3,965"
"13183";5131;9;"3,958"
"17651";5152;10;"3,945"
"12473";5091;5;"3,939"
"17593";5123;5;"3,927"
"14739";5215;7;"3,902"
"13999";5060;12;"3,902"
"14291";5063;11;"3,883"
"18073";5187;12;"3,878"
"13124";5062;3;"3,866"
"15195";5182;1;"3,861"
"16717";5183;6;"3,858"
"12662";5120;11;"3,850"
"16327";5608;6;"3,844"
"13266";5091;12;"3,834"
"17091";5152;9;"3,828"
"15867";5067;15;"3,813"
"12755";5282;2;"3,812"
"12597";5126;4;"3,811"
"13435";5247;7;"3,810"
"16145";5034;11;"3,799"
"16655";5040;6;"3,795"
"16168";5034;27;"3,788"
"16019";5193;9;"3,786"
"12562";5247;7;"3,782"
"17173";5031;8;"3,767"
"16904";5091;16;"3,754"
"12429";5485;4;"3,750"
"17238";5060;17;"3,745"
"14145";5217;4;"3,742"
"13552";5155;12;"3,740"
"16570";5183;10;"3,738"
"15808";5222;4;"3,735"
"14282";5152;15;"3,729"
"12502";5219;5;"3,724"
"12647";5062;12;"3,723"
"13680";5151;4;"3,722"
"14364";5036;8;"3,717"
"15845";5223;8;"3,712"
"15622";5341;9;"3,710"
"13148";5091;12;"3,707"
"17819";5096;7;"3,705"
"15379";5129;7;"3,703"
"12553";5031;10;"3,692"
"16253";5275;2;"3,684"
"15581";5063;13;"3,680"
"15296";5066;6;"3,673"
"18079";5247;4;"3,652"
"13137";5060;8;"3,650"
"12417";5212;9;"3,649"
"16712";5066;11;"3,645"
"13426";5062;10;"3,641"
"16440";5091;5;"3,641"
"12619";5213;9;"3,641"
"13381";5062;6;"3,639"
"17230";5342;8;"3,638"
"14543";5060;16;"3,630"
"17528";5031;8;"3,629"
"13327";5188;8;"3,628"
"13520";5031;6;"3,624"
"17576";5034;19;"3,623"
"14040";5040;12;"3,615"
"13082";5247;9;"3,614"
"15505";5187;5;"3,611"
"16242";5127;7;"3,603"
"15484";5151;4;"3,594"
"14132";5034;11;"3,586"
"17203";5092;6;"3,564"
"17491";5151;10;"3,559"
"15544";5033;9;"3,547"
"12370";5099;4;"3,546"
"14503";5212;6;"3,543"
"13448";5250;6;"3,539"
"13334";5192;3;"3,537"
"17160";5037;6;"3,518"
"13953";5099;7;"3,516"
"16360";5032;6;"3,513"
"14395";5092;9;"3,508"
"14907";5060;7;"3,501"
"16458";5032;18;"3,483"
"13014";5183;10;"3,466"
"13993";5062;9;"3,466"
"17758";5095;8;"3,457"
"15410";5336;8;"3,451"
"13536";5151;7;"3,448"
"15129";5247;11;"3,447"
"15974";5036;7;"3,442"
"17725";5281;11;"3,439"
"15676";5274;3;"3,436"
"14221";5284;9;"3,433"
"12406";5126;2;"3,415"
"15981";5037;8;"3,408"
"13437";5152;7;"3,408"
"17669";5124;7;"3,407"
"13198";5063;6;"3,401"
"15228";5275;4;"3,387"
"13842";5031;9;"3,386"
"15708";5131;7;"3,364"
"16011";5033;16;"3,363"
"14227";5159;10;"3,351"
"16818";5126;11;"3,350"
"16607";5031;14;"3,348"
"17183";5183;6;"3,347"
"13015";5159;5;"3,346"
"12643";5070;6;"3,345"
"12594";5094;10;"3,338"
"16556";5159;7;"3,314"
"13373";5092;3;"3,312"
"14841";5061;6;"3,296"
"14702";5131;17;"3,292"
"15632";5094;8;"3,285"
"12480";5060;4;"3,282"
"15764";5032;6;"3,280"
"17723";5127;6;"3,276"
"13952";5219;2;"3,251"
"13047";5152;10;"3,238"
"15443";5151;7;"3,237"
"17050";5221;6;"3,229"
"14175";5061;3;"3,222"
"13880";5218;13;"3,220"
"13268";5037;11;"3,215"
"14388";5094;8;"3,213"
"16107";5060;7;"3,204"
"17220";5217;14;"3,198"
"13868";5332;2;"3,193"
"17685";5032;7;"3,192"
"13758";5131;7;"3,191"
"14844";5037;4;"3,190"
"17672";5314;2;"3,178"
"17231";5158;10;"3,174"
"16837";5061;11;"3,171"
"16041";5121;3;"3,166"
"17863";5061;6;"3,160"
"15065";5333;4;"3,158"
"14235";5248;5;"3,145"
"13742";5062;12;"3,131"
"16156";5064;9;"3,122"
"13685";5092;7;"3,119"
"16326";5122;14;"3,111"
"16678";5033;12;"3,110"
"13869";5155;4;"3,105"
"14099";5063;11;"3,104"
"16905";5273;7;"3,102"
"15491";5246;6;"3,100"
"14257";5155;5;"3,100"
"14565";5246;4;"3,099"
"17059";5091;5;"3,095"
"13362";5159;4;"3,091"
"15998";5305;5;"3,090"
"16218";5091;7;"3,085"
"18272";5034;6;"3,079"
"12910";5037;8;"3,075"
"13631";5366;11;"3,070"
"16686";5192;7;"3,063"
"14456";5062;9;"3,062"
"17799";5067;10;"3,056"
"16393";5158;13;"3,046"
"16709";5159;5;"3,030"
"12598";5060;8;"3,023"
"12395";5036;12;"3,019"
"18094";5250;7;"3,017"
"12754";5191;3;"3,011"
"15521";5066;8;"3,000"
"17124";5188;1;"299"
"18215";5062;1;"299"
"12881";5129;1;"298"
"15609";5157;1;"298"
"17531";5338;1;"297"
"13441";5123;1;"297"
"13504";5214;1;"296"
"16998";5161;4;"295"
"15732";5066;2;"294"
"12829";5193;2;"293"
"15545";5669;2;"293"
"13259";5122;1;"292"
"13502";5099;3;"292"
"14656";5372;2;"291"
"14947";5367;2;"291"
"17691";5577;2;"290"
"17464";5278;1;"290"
"14549";5373;1;"289"
"16125";5547;1;"289"
"17501";5311;2;"289"
"17760";5728;2;"288"
"16808";5099;2;"288"
"17977";5091;1;"288"
"16432";5214;1;"287"
"16555";5274;2;"286"
"18270";5364;2;"283"
"13754";5064;2;"283"
"17783";5220;2;"283"
"14350";5099;1;"283"
"17251";5394;1;"283"
"17403";5305;1;"282"
"13177";5214;1;"282"
"16149";5243;2;"281"
"13606";5091;3;"281"
"14646";5033;73;"280,206"
"13098";5064;28;"28,882"
"14680";5094;16;"28,754"
"13081";5091;11;"28,337"
"13408";5034;62;"28,117"
"13272";5062;2;"277"
"15355";5091;2;"277"
"16883";5249;2;"277"
"17968";5728;1;"277"
"14508";5062;2;"276"
"12750";5308;1;"276"
"14512";5249;2;"275"
"16313";5212;2;"274"
"16727";5455;1;"273"
"13917";5369;2;"272"
"17254";5243;2;"272"
"14819";5214;2;"272"
"17011";5121;1;"271"
"14520";5151;2;"271"
"15774";5334;1;"271"
"13058";5031;3;"271"
"13533";5096;3;"271"
"13837";5036;2;"271"
"13242";5097;3;"270"
"12558";5332;1;"270"
"14727";5099;1;"269"
"14863";5091;1;"267"
"17708";5249;2;"267"
"17550";5098;3;"267"
"17430";5183;2;"266"
"12962";5332;2;"266"
"15119";5159;1;"266"
"14423";5250;1;"265"
"15894";5608;2;"264"
"14452";5185;2;"264"
"12492";5184;2;"263"
"17194";5068;2;"263"
"14053";5186;2;"260"
"17857";5063;23;"26,879"
"16333";5155;22;"26,627"
"18102";5120;60;"259,657"
"15577";5064;3;"259"
"14375";5188;1;"258"
"13626";5371;1;"257"
"14761";5031;2;"256"
"13806";5184;1;"256"
"16048";5728;2;"256"
"14765";5091;3;"254"
"12797";5485;1;"254"
"15689";5033;2;"254"
"15759";5250;3;"253"
"15035";5062;1;"253"
"17860";5577;1;"253"
"13404";5066;2;"252"
"13711";5250;2;"252"
"13645";5063;1;"252"
"15346";5070;1;"252"
"14501";5126;2;"251"
"13207";5034;2;"250"
"16596";5516;2;"250"
"17456";5485;1;"250"
"18005";5212;2;"250"
"13777";5120;33;"25,977"
"16510";5697;1;"248"
"13592";5097;4;"248"
"15097";5243;1;"248"
"18072";5188;1;"247"
"14658";5273;2;"247"
"16778";5099;2;"246"
"17278";5037;1;"246"
"16528";5212;1;"244"
"17892";5187;3;"244"
"17925";5697;1;"244"
"17908";5728;1;"243"
"17339";5215;2;"243"
"13565";5131;2;"240"
"17181";5728;2;"240"
"15690";5243;2;"240"
"12561";5100;1;"239"
"16756";5127;1;"239"
"13570";5098;1;"239"
"14586";5160;1;"237"
"13187";5223;1;"236"
"15462";5215;3;"235"
"15483";5368;4;"234"
"14473";5341;2;"234"
"13348";5214;1;"234"
"12736";5070;1;"234"
"13678";5064;1;"233"
"16583";5728;1;"233"
"14995";5282;2;"233"
"16302";5247;1;"233"
"16117";5310;1;"232"
"15393";5313;2;"232"
"18030";5243;2;"231"
"16445";5213;1;"231"
"13786";5547;1;"230"
"16926";5669;1;"230"
"13712";5190;1;"229"
"14569";5151;1;"227"
"17572";5366;4;"227"
"17789";5313;1;"226"
"14624";5061;2;"226"
"16753";5031;1;"224"
"14929";5183;1;"224"
"16471";5099;1;"224"
"13382";5282;1;"223"
"14960";5363;2;"221"
"13419";5184;1;"221"
"13079";5123;5;"220"
"16895";5214;1;"219"
"14570";5282;2;"218"
"16634";5370;2;"218"
"12897";5069;2;"217"
"15554";5191;1;"217"
"16080";5099;2;"217"
"13271";5333;1;"217"
"17580";5371;3;"216"
"14104";5156;2;"216"
"16179";5092;1;"216"
"17436";5151;2;"216"
"16338";5248;1;"215"
"16411";5608;2;"215"
"16519";5485;2;"215"
"14241";5126;1;"214"
"16591";5334;1;"214"
"14984";5035;2;"213"
"17928";5190;2;"213"
"16356";5191;3;"212"
"13532";5213;1;"210"
"12753";5130;6;"21,429"
"12744";5251;7;"21,279"
"16210";5097;18;"21,086"
"16953";5121;1;"21"
"17855";5697;1;"209"
"17514";5308;1;"209"
"12547";5282;2;"208"
"16457";5250;1;"208"
"16866";5095;3;"208"
"16752";5697;1;"208"
"16914";5305;1;"208"
"17923";5341;1;"208"
"18126";5092;1;"207"
"13099";5366;1;"207"
"17166";5364;2;"206"
"13065";5728;1;"206"
"14964";5220;1;"206"
"15319";5372;1;"205"
"15307";5246;1;"205"
"13513";5247;1;"205"
"17843";5130;1;"205"
"17394";5280;1;"204"
"13017";5332;1;"204"
"18273";5182;3;"204"
"17889";5066;2;"204"
"18169";5092;1;"203"
"17376";5373;2;"203"
"15723";5455;1;"203"
"15347";5516;1;"202"
"17988";5368;7;"201"
"13723";5219;1;"200"
"13980";5092;1;"200"
"17675";5034;31;"20,374"
"17381";5033;29;"20,276"
"17659";5061;12;"2,999"
"17504";5219;9;"2,997"
"14307";5032;6;"2,996"
"12670";5091;5;"2,996"
"15687";5218;9;"2,993"
"14639";5063;6;"2,984"
"13451";5036;5;"2,976"
"14032";5037;11;"2,976"
"15854";5243;12;"2,975"
"16497";5101;6;"2,966"
"17924";5069;7;"2,963"
"14868";5063;8;"2,954"
"17084";5274;2;"2,950"
"17444";5064;3;"2,940"
"16316";5129;8;"2,939"
"14530";5185;6;"2,926"
"17512";5060;10;"2,925"
"15606";5033;9;"2,920"
"14112";5129;7;"2,915"
"17644";5063;11;"2,896"
"12408";5183;5;"2,889"
"18144";5066;12;"2,889"
"16633";5035;6;"2,883"
"15673";5032;4;"2,881"
"14251";5151;5;"2,880"
"17728";5212;3;"2,876"
"14005";5158;5;"2,875"
"15628";5096;9;"2,870"
"14711";5123;11;"2,869"
"13901";5278;5;"2,867"
"14535";5092;3;"2,864"
"12685";5060;6;"2,863"
"16928";5063;17;"2,848"
"15984";5182;10;"2,838"
"14852";5031;6;"2,837"
"14572";5212;7;"2,833"
"17596";5184;7;"2,828"
"14842";5246;4;"2,825"
"13174";5608;3;"2,817"
"16871";5062;6;"2,812"
"14903";5186;5;"2,811"
"12356";5159;3;"2,811"
"18230";5091;7;"2,810"
"13230";5091;14;"2,807"
"16081";5188;5;"2,807"
"16764";5152;13;"2,799"
"15993";5213;7;"2,798"
"13769";5124;10;"2,797"
"12758";5160;2;"2,792"
"17739";5101;7;"2,791"
"14626";5124;4;"2,791"
"17213";5516;7;"2,781"
"12388";5129;6;"2,781"
"14121";5061;4;"2,780"
"17838";5062;5;"2,779"
"13870";5182;8;"2,771"
"15356";5152;10;"2,767"
"15114";5069;10;"2,761"
"14854";5099;7;"2,760"
"13971";5061;8;"2,758"
"12669";5034;3;"2,744"
"14808";5095;8;"2,741"
"14125";5060;3;"2,740"
"16938";5035;4;"2,736"
"15696";5213;8;"2,736"
"16003";5091;5;"2,735"
"12840";5096;4;"2,727"
"12380";5188;4;"2,725"
"12708";5091;10;"2,713"
"15796";5100;8;"2,712"
"17069";5060;9;"2,710"
"13285";5368;4;"2,709"
"13654";5067;6;"2,707"
"14107";5276;7;"2,703"
"14732";5032;8;"2,702"
"18097";5247;6;"2,698"
"17386";5332;6;"2,686"
"12625";5036;2;"2,684"
"17346";5031;15;"2,677"
"13883";5250;5;"2,674"
"14713";5091;11;"2,666"
"15671";5067;7;"2,657"
"12721";5126;6;"2,656"
"13851";5246;3;"2,651"
"16618";5152;5;"2,648"
"18260";5131;6;"2,643"
"17655";5161;7;"2,639"
"15752";5185;7;"2,637"
"13804";5121;7;"2,636"
"12520";5068;5;"2,634"
"17402";5121;13;"2,634"
"13771";5214;4;"2,634"
"18077";5063;11;"2,633"
"13422";5214;1;"2,626"
"17965";5040;14;"2,623"
"18210";5091;6;"2,621"
"16255";5190;8;"2,620"
"14262";5091;8;"2,618"
"13021";5158;9;"2,616"
"15782";5062;3;"2,615"
"14397";5035;19;"2,613"
"12836";5061;4;"2,613"
"18075";5061;10;"2,612"
"12726";5060;7;"2,609"
"16241";5031;13;"2,608"
"13136";5066;5;"2,608"
"14408";5215;7;"2,607"
"13983";5031;12;"2,603"
"17317";5062;3;"2,600"
"12600";5060;10;"2,599"
"16919";5037;11;"2,596"
"13895";5060;4;"2,593"
"14243";5159;10;"2,589"
"15033";5155;10;"2,587"
"13911";5158;9;"2,581"
"14546";5251;5;"2,578"
"15485";5121;3;"2,575"
"16912";5060;11;"2,575"
"18245";5036;7;"2,567"
"16308";5219;4;"2,560"
"15572";5221;7;"2,553"
"14334";5099;8;"2,552"
"14701";5220;9;"2,549"
"14676";5152;6;"2,548"
"13344";5191;3;"2,544"
"14776";5250;11;"2,538"
"17700";5097;4;"2,535"
"13471";5151;4;"2,532"
"14659";5219;9;"2,530"
"17314";5031;8;"2,528"
"13975";5152;6;"2,526"
"17449";5182;7;"2,521"
"13394";5064;8;"2,520"
"15245";5249;3;"2,516"
"15271";5035;15;"2,507"
"12352";5305;8;"2,506"
"13695";5033;15;"2,504"
"12517";5060;5;"2,503"
"15932";5032;8;"2,496"
"16477";5099;7;"2,494"
"12483";5066;8;"2,485"
"12913";5069;5;"2,484"
"16710";5097;10;"2,483"
"14315";5156;6;"2,481"
"13588";5060;9;"2,479"
"13507";5212;4;"2,479"
"17682";5220;6;"2,474"
"17188";5091;7;"2,474"
"14766";5097;6;"2,473"
"14502";5213;11;"2,471"
"17164";5064;7;"2,467"
"12455";5217;6;"2,467"
"15750";5182;8;"2,465"
"13784";5070;11;"2,463"
"17131";5213;5;"2,463"
"15674";5097;5;"2,447"
"14163";5095;4;"2,446"
"15527";5062;8;"2,430"
"17071";5032;9;"2,429"
"13949";5182;6;"2,427"
"16143";5066;6;"2,425"
"17722";5276;4;"2,424"
"15089";5215;6;"2,421"
"15373";5363;12;"2,416"
"12397";5274;2;"2,410"
"17589";5064;4;"2,404"
"15980";5032;3;"2,399"
"18065";5126;14;"2,393"
"13141";5127;5;"2,389"
"15370";5061;7;"2,386"
"17530";5151;10;"2,385"
"14493";5121;5;"2,383"
"14239";5190;11;"2,381"
"15270";5069;7;"2,379"
"13722";5341;3;"2,375"
"17434";5182;7;"2,374"
"14930";5099;3;"2,373"
"13908";5127;4;"2,370"
"15755";5032;6;"2,364"
"12457";5275;7;"2,363"
"17634";5066;9;"2,362"
"14030";5062;8;"2,360"
"14440";5363;5;"2,358"
"14309";5060;9;"2,353"
"12704";5274;8;"2,341"
"18259";5516;3;"2,339"
"18257";5306;8;"2,338"
"12584";5188;9;"2,338"
"17954";5155;12;"2,333"
"15281";5031;9;"2,332"
"12782";5243;5;"2,331"
"17313";5152;1;"2,329"
"15785";5183;5;"2,329"
"17744";5212;6;"2,322"
"17211";5035;8;"2,317"
"14290";5306;5;"2,315"
"15365";5276;7;"2,314"
"13994";5212;6;"2,313"
"13704";5031;9;"2,308"
"15288";5187;5;"2,307"
"16735";5131;5;"2,301"
"15105";5306;7;"2,299"
"16550";5188;5;"2,299"
"13115";5031;4;"2,295"
"15704";5158;4;"2,294"
"12615";5182;4;"2,291"
"13527";5062;7;"2,288"
"17696";5187;8;"2,286"
"12684";5097;7;"2,284"
"16782";5191;13;"2,280"
"13317";5275;6;"2,274"
"17768";5213;3;"2,273"
"14466";5091;7;"2,272"
"13700";5037;10;"2,265"
"16057";5036;7;"2,263"
"16209";5032;5;"2,263"
"14432";5062;6;"2,256"
"16293";5123;10;"2,249"
"17442";5094;6;"2,249"
"15235";5190;12;"2,248"
"16771";5129;5;"2,247"
"15665";5098;2;"2,242"
"14211";5276;9;"2,241"
"14560";5091;22;"2,238"
"16743";5036;7;"2,238"
"14700";5183;3;"2,235"
"16076";5061;10;"2,235"
"15834";5191;4;"2,234"
"14226";5060;5;"2,232"
"18242";5097;4;"2,232"
"14825";5062;12;"2,227"
"17591";5124;7;"2,226"
"12783";5182;6;"2,226"
"13365";5213;2;"2,225"
"15722";5249;5;"2,223"
"15811";5485;6;"2,219"
"13862";5070;8;"2,209"
"15179";5371;5;"2,207"
"15797";5127;4;"2,207"
"13831";5250;6;"2,203"
"17406";5101;3;"2,200"
"15123";5332;2;"2,199"
"16628";5091;5;"2,188"
"14341";5158;8;"2,182"
"12856";5060;6;"2,180"
"12501";5193;1;"2,169"
"12633";5031;4;"2,164"
"12935";5182;7;"2,161"
"13755";5184;9;"2,161"
"16456";5222;5;"2,158"
"14407";5160;6;"2,158"
"16379";5243;4;"2,157"
"13224";5064;2;"2,156"
"16966";5363;7;"2,155"
"14828";5193;3;"2,140"
"12560";5273;3;"2,134"
"17400";5247;5;"2,130"
"13517";5061;3;"2,128"
"14360";5152;4;"2,128"
"16407";5067;10;"2,127"
"15058";5098;11;"2,125"
"14640";5061;6;"2,125"
"13632";5098;5;"2,121"
"18061";5064;10;"2,119"
"18008";5067;9;"2,116"
"14691";5066;5;"2,114"
"13265";5032;5;"2,108"
"18173";5099;4;"2,107"
"18093";5063;4;"2,107"
"14515";5250;6;"2,102"
"15815";5066;5;"2,101"
"17861";5091;8;"2,101"
"13126";5099;8;"2,100"
"12610";5247;5;"2,100"
"16875";5284;5;"2,096"
"17191";5060;7;"2,095"
"18283";5091;16;"2,095"
"13571";5154;12;"2,092"
"17490";5120;7;"2,092"
"13297";5306;4;"2,090"
"18044";5243;10;"2,089"
"14810";5131;11;"2,088"
"16954";5092;9;"2,085"
"14696";5033;7;"2,079"
"14209";5070;6;"2,073"
"18241";5061;17;"2,073"
"18219";5127;10;"2,070"
"14482";5121;6;"2,068"
"12948";5061;7;"2,065"
"12928";5037;5;"2,063"
"14409";5124;6;"2,059"
"12518";5031;5;"2,057"
"17667";5036;5;"2,056"
"14188";5121;6;"2,054"
"16150";5032;5;"2,053"
"17086";5121;6;"2,050"
"17612";5127;6;"2,048"
"14232";5218;5;"2,048"
"13495";5274;5;"2,045"
"17597";5097;1;"2,044"
"17090";5032;7;"2,044"
"13450";5062;6;"2,044"
"14001";5728;3;"2,043"
"13593";5193;5;"2,037"
"18069";5032;5;"2,037"
"13630";5157;7;"2,032"
"16409";5034;5;"2,029"
"17337";5036;4;"2,028"
"16358";5151;4;"2,028"
"14506";5275;5;"2,012"
"15531";5121;2;"2,007"
"16098";5188;7;"2,006"
"14730";5151;8;"2,005"
"14217";5070;17;"2,005"
"17082";5213;2;"2,004"
"14462";5063;11;"2,004"
"15493";5183;5;"2,002"
"16754";5697;1;"2,002"
"13305";5068;10;"2,001"
"17987";5188;1;"199"
"16832";5157;3;"199"
"17383";5243;1;"199"
"14185";5040;1;"198"
"12450";5217;2;"198"
"14789";5060;1;"198"
"15234";5160;1;"197"
"13436";5151;1;"197"
"16829";5217;1;"197"
"16112";5101;4;"196"
"13792";5275;2;"196"
"16887";5274;1;"195"
"15612";5122;2;"195"
"17450";5034;46;"194,551"
"15198";5154;2;"194"
"14087";5182;1;"194"
"14768";5277;2;"193"
"12791";5728;1;"193"
"17608";5213;2;"193"
"14801";5122;1;"193"
"17233";5274;1;"191"
"15692";5060;1;"191"
"15039";5101;47;"19,914"
"12471";5182;30;"19,824"
"14697";5250;2;"189"
"12893";5121;1;"188"
"17781";5309;2;"188"
"18013";5187;2;"187"
"13672";5069;2;"186"
"17574";5067;1;"186"
"17440";5217;3;"186"
"14199";5250;1;"185"
"14326";5067;1;"184"
"16433";5060;1;"184"
"15124";5369;2;"184"
"13460";5091;2;"183"
"13059";5281;1;"183"
"14082";5455;1;"182"
"16835";5308;2;"181"
"15945";5485;1;"181"
"15886";5092;1;"181"
"18119";5547;1;"181"
"18280";5191;1;"181"
"13710";5152;1;"180"
"12731";5066;12;"18,896"
"15159";5062;30;"18,641"
"16620";5212;2;"179"
"15454";5394;1;"179"
"15139";5193;2;"179"
"16990";5250;1;"179"
"18282";5247;2;"178"
"17356";5373;1;"178"
"14287";5363;3;"177"
"12923";5214;1;"177"
"17947";5333;1;"177"
"18274";5121;1;"176"
"17331";5155;1;"175"
"16144";5190;1;"175"
"14798";5342;3;"174"
"14518";5214;1;"174"
"13560";5332;1;"174"
"14355";5485;1;"174"
"16861";5061;2;"174"
"12441";5516;1;"174"
"16565";5455;1;"174"
"12442";5212;1;"172"
"13690";5061;1;"172"
"13962";5159;2;"170"
"16921";5122;1;"170"
"12901";5066;28;"17,655"
"12678";5249;12;"17,628"
"14031";5223;19;"17,287"
"17428";5037;28;"17,257"
"13767";5064;37;"17,220"
"13881";5067;20;"17,160"
"12367";5243;1;"169"
"14578";5212;1;"169"
"18004";5394;1;"169"
"18269";5516;1;"169"
"16446";5120;2;"168,473"
"16282";5284;1;"168"
"15986";5121;1;"168"
"15920";5156;4;"168"
"15374";5308;1;"168"
"17737";5031;2;"168"
"18099";5277;1;"168"
"18088";5122;1;"168"
"16405";5100;2;"167"
"14485";5364;1;"166"
"12817";5313;1;"166"
"18014";5060;1;"166"
"15904";5363;1;"165"
"13470";5366;2;"165"
"14552";5064;1;"165"
"17535";5282;1;"164"
"14354";5121;2;"164"
"16517";5191;1;"163"
"15733";5341;1;"162"
"16113";5126;1;"161"
"15852";5218;2;"161"
"14204";5182;1;"161"
"14237";5728;1;"161"
"18146";5311;2;"160"
"18203";5248;1;"160"
"16839";5032;34;"16,594"
"12921";5066;37;"16,587"
"14607";5305;14;"16,570"
"15856";5064;27;"16,388"
"17677";5060;30;"16,363"
"15189";5037;41;"16,225"
"17128";5131;1;"157"
"15007";5309;1;"157"
"14406";5033;1;"157"
"17899";5309;1;"156"
"17026";5188;2;"155"
"13809";5192;1;"155"
"14813";5608;2;"155"
"12738";5697;1;"155"
"15226";5342;1;"154"
"16351";5070;1;"154"
"17517";5283;1;"154"
"16248";5122;1;"153"
"12602";5031;1;"153"
"14039";5213;1;"152"
"17707";5188;2;"152"
"13462";5371;1;"152"
"14208";5215;1;"152"
"16337";5305;1;"151"
"13697";5364;1;"151"
"14073";5183;1;"151"
"15869";5191;2;"150"
"17234";5096;1;"150"
"14051";5061;23;"15,610"
"13307";5063;1;"15"
"15823";5697;1;"15"
"13003";5064;3;"149"
"17859";5161;1;"148"
"15526";5213;2;"148"
"14968";5121;1;"148"
"17030";5184;1;"147"
"14037";5455;2;"147"
"15503";5394;1;"147"
"14098";5305;1;"147"
"16893";5516;1;"146"
"15937";5214;1;"145"
"17186";5092;2;"144"
"12587";5332;1;"144"
"14911";5031;201;"143,825"
"17578";5250;1;"143"
"13584";5222;1;"142"
"13561";5158;1;"142"
"13483";5245;1;"140"
"15513";5036;19;"14,758"
"16133";5060;33;"14,589"
"14866";5061;12;"14,390"
"16705";5037;20;"14,035"
"18209";5060;1;"139"
"12512";5275;2;"138"
"17122";5033;1;"138"
"14483";5313;1;"137"
"14247";5221;1;"137"
"15691";5371;1;"137"
"16462";5188;3;"136"
"14889";5193;1;"136"
"17972";5037;1;"136"
"14340";5250;1;"135"
"16665";5394;1;"135"
"12851";5276;1;"135"
"16055";5311;1;"135"
"15276";5275;1;"135"
"16424";5369;1;"134"
"14174";5213;1;"134"
"15709";5372;1;"133"
"17647";5245;1;"133"
"17881";5161;1;"133"
"14438";5222;1;"132"
"16679";5516;1;"130"
"12681";5064;22;"13,788"
"12621";5036;20;"13,690"
"12540";5070;17;"13,400"
"12433";5120;7;"13,376"
"15498";5036;27;"13,316"
"12477";5069;6;"13,220"
"17735";5156;19;"13,110"
"16525";5040;26;"13,027"
"17956";5281;1;"13"
"16828";5185;2;"129"
"16623";5159;1;"129"
"16611";5218;1;"129"
"13781";5312;1;"128"
"15923";5697;1;"127"
"16988";5273;1;"126"
"15463";5091;1;"126"
"15017";5213;1;"126"
"16414";5282;2;"126"
"13522";5121;1;"126"
"16849";5218;1;"125"
"12415";5101;21;"124,915"
"14495";5094;2;"124"
"16569";5212;1;"124"
"14413";5394;1;"123"
"16658";5577;1;"123"
"13876";5184;1;"123"
"15917";5220;1;"123"
"14165";5129;1;"123"
"17967";5669;1;"123"
"14076";5336;1;"122"
"13244";5154;1;"122"
"15049";5068;1;"121"
"15512";5187;2;"121"
"17446";5342;2;"121"
"14453";5338;1;"120"
"18015";5243;1;"120"
"14258";5062;9;"12,670"
"13078";5031;26;"12,628"
"12536";5061;3;"12,602"
"15640";5070;15;"12,516"
"16000";5182;3;"12,394"
"17340";5063;11;"12,353"
"12682";5033;31;"12,288"
"13113";5036;24;"12,246"
"14606";5036;93;"12,157"
"15266";5254;1;"119"
"15843";5130;1;"119"
"12929";5373;1;"118"
"13581";5314;1;"118"
"13193";5122;1;"118"
"17654";5191;1;"118"
"14156";5031;55;"117,380"
"15350";5728;1;"116"
"14972";5308;1;"115"
"18027";5335;1;"115"
"17219";5152;1;"114"
"12651";5131;1;"114"
"14457";5342;1;"114"
"14974";5333;1;"114"
"16697";5037;1;"113"
"13807";5547;1;"113"
"18105";5333;1;"113"
"18129";5098;1;"113"
"17900";5338;2;"112"
"17957";5275;1;"112"
"17274";5274;1;"112"
"17038";5121;1;"112"
"13508";5098;1;"111"
"13144";5070;1;"111"
"16963";5249;1;"111"
"17887";5336;1;"111"
"18120";5127;1;"111"
"17901";5091;1;"110"
"18277";5031;1;"110"
"16792";5341;2;"110"
"13133";5068;2;"110"
"12557";5070;5;"11,991"
"12939";5068;8;"11,582"
"15125";5092;15;"11,528"
"14194";5061;21;"11,350"
"12971";5040;86;"11,190"
"14895";5091;20;"11,139"
"12409";5096;3;"11,073"
"15482";5305;12;"11,055"
"17581";5097;25;"11,045"
"14345";5364;1;"109"
"17639";5160;1;"109"
"14699";5127;1;"109"
"12956";5222;1;"108"
"16106";5245;1;"108"
"13226";5068;1;"108"
"15070";5697;1;"106"
"16581";5096;1;"106"
"17791";5091;1;"106"
"15607";5193;1;"105"
"14027";5092;1;"105"
"15775";5159;1;"105"
"18174";5332;1;"104"
"18255";5062;1;"103"
"18011";5728;1;"103"
"14542";5188;1;"103"
"17643";5728;1;"102"
"15212";5037;1;"102"
"14836";5060;3;"102"
"16516";5121;1;"102"
"14981";5190;1;"102"
"18086";5099;1;"101"
"16006";5036;1;"101"
"16498";5368;2;"101"
"16344";5278;1;"101"
"13319";5091;26;"10,846"
"17107";5187;6;"10,815"
"13340";5160;7;"10,736"
"14769";5182;8;"10,675"
"17139";5032;12;"10,668"
"16779";5040;22;"10,630"
"17865";5032;20;"10,526"
"17706";5092;17;"10,504"
"15251";5034;11;"10,485"
"14062";5123;12;"10,465"
"15615";5066;23;"10,400"
"15502";5062;12;"10,385"
"16180";5277;8;"10,254"
"16843";5037;16;"10,197"
"17827";5067;5;"1,995"
"17088";5060;4;"1,991"
"13590";5034;6;"1,982"
"13725";5192;8;"1,981"
"17422";5035;6;"1,979"
"12674";5123;4;"1,971"
"17997";5095;8;"1,971"
"17790";5034;14;"1,966"
"17218";5062;10;"1,961"
"15351";5061;7;"1,960"
"14498";5218;5;"1,957"
"17554";5061;5;"1,952"
"14533";5062;7;"1,950"
"14653";5151;7;"1,948"
"15814";5305;4;"1,945"
"15518";5070;8;"1,942"
"14472";5095;8;"1,937"
"14418";5212;3;"1,937"
"15157";5156;3;"1,936"
"15864";5275;6;"1,936"
"12528";5160;6;"1,933"
"14655";5363;4;"1,932"
"16983";5035;7;"1,931"
"13094";5069;12;"1,927"
"16942";5213;9;"1,921"
"15021";5217;9;"1,915"
"17368";5183;8;"1,913"
"14285";5333;4;"1,910"
"16426";5154;10;"1,908"
"17228";5184;8;"1,906"
"14210";5284;6;"1,906"
"15819";5160;4;"1,905"
"14250";5062;3;"1,904"
"12762";5332;2;"1,899"
"17870";5123;12;"1,894"
"14934";5341;2;"1,891"
"12371";5061;2;"1,888"
"15641";5341;4;"1,887"
"16170";5126;6;"1,885"
"13890";5151;10;"1,884"
"16128";5305;5;"1,880"
"17738";5341;4;"1,879"
"15367";5129;4;"1,878"
"17293";5031;9;"1,875"
"16986";5091;2;"1,873"
"13982";5485;4;"1,872"
"16474";5062;7;"1,872"
"17469";5248;5;"1,871"
"16841";5097;6;"1,870"
"14524";5152;9;"1,868"
"17787";5095;4;"1,865"
"16201";5212;4;"1,863"
"12423";5120;8;"1,859"
"17873";5157;5;"1,859"
"12963";5363;8;"1,857"
"16979";5091;6;"1,852"
"12383";5040;5;"1,851"
"12381";5031;5;"1,845"
"17519";5577;6;"1,844"
"18180";5032;6;"1,844"
"17015";5060;3;"1,843"
"12950";5182;3;"1,843"
"16102";5308;3;"1,842"
"16455";5184;7;"1,841"
"14113";5212;4;"1,840"
"13924";5151;6;"1,839"
"14216";5212;4;"1,839"
"14459";5187;1;"1,838"
"18287";5031;3;"1,837"
"15827";5126;14;"1,836"
"14665";5062;5;"1,836"
"13650";5032;6;"1,836"
"15203";5373;6;"1,828"
"18122";5034;6;"1,826"
"16153";5188;5;"1,824"
"17705";5069;9;"1,824"
"17702";5121;4;"1,824"
"16169";5091;4;"1,823"
"17828";5157;4;"1,820"
"17629";5063;8;"1,814"
"15260";5218;7;"1,811"
"17663";5156;7;"1,803"
"15812";5064;5;"1,801"
"13562";5159;3;"1,799"
"17750";5273;9;"1,798"
"17648";5092;4;"1,798"
"12348";5251;4;"1,797"
"18235";5063;3;"1,796"
"13134";5126;4;"1,794"
"18179";5193;6;"1,793"
"13510";5126;4;"1,792"
"16719";5254;7;"1,790"
"12523";5040;11;"1,790"
"14215";5218;6;"1,790"
"14621";5121;5;"1,788"
"13875";5069;5;"1,787"
"14608";5091;4;"1,785"
"16380";5122;1;"1,781"
"15220";5282;6;"1,779"
"17092";5191;4;"1,778"
"12645";5213;4;"1,775"
"15594";5121;5;"1,772"
"17754";5120;5;"1,772"
"14387";5183;3;"1,771"
"17813";5214;5;"1,771"
"15473";5031;7;"1,771"
"13456";5184;6;"1,767"
"15950";5152;4;"1,766"
"16751";5121;1;"1,765"
"12823";5277;5;"1,760"
"15241";5126;8;"1,756"
"16359";5040;9;"1,751"
"13564";5577;3;"1,749"
"13808";5185;5;"1,748"
"15067";5341;3;"1,745"
"13157";5037;4;"1,741"
"14595";5122;6;"1,741"
"17353";5156;2;"1,740"
"17930";5214;5;"1,740"
"17457";5247;5;"1,738"
"14673";5212;5;"1,736"
"17043";5183;4;"1,735"
"16791";5070;7;"1,722"
"17451";5151;7;"1,721"
"14834";5031;6;"1,720"
"15267";5031;5;"1,717"
"17147";5373;4;"1,715"
"17162";5060;10;"1,715"
"13763";5184;1;"1,715"
"14441";5120;4;"1,713"
"12407";5217;5;"1,708"
"15240";5037;5;"1,707"
"16398";5156;2;"1,706"
"17282";5367;3;"1,703"
"16007";5035;4;"1,702"
"12843";5097;8;"1,702"
"13184";5064;10;"1,701"
"13824";5037;5;"1,699"
"17193";5031;7;"1,699"
"16775";5124;11;"1,696"
"16813";5276;10;"1,693"
"15549";5248;3;"1,693"
"14245";5280;2;"1,693"
"16671";5060;3;"1,692"
"15380";5363;5;"1,690"
"12635";5062;2;"1,689"
"13162";5124;4;"1,688"
"13577";5037;4;"1,688"
"16638";5191;10;"1,681"
"17656";5032;5;"1,675"
"16115";5035;8;"1,668"
"13012";5097;8;"1,662"
"12912";5182;5;"1,662"
"12530";5061;4;"1,662"
"15024";5060;10;"1,661"
"15214";5067;8;"1,661"
"12967";5669;2;"1,661"
"15332";5516;4;"1,661"
"14045";5223;4;"1,660"
"15953";5036;8;"1,659"
"17284";5063;6;"1,653"
"14573";5066;9;"1,653"
"16711";5100;5;"1,651"
"14837";5062;4;"1,650"
"13750";5193;5;"1,647"
"15002";5254;4;"1,642"
"13627";5061;5;"1,638"
"17673";5151;6;"1,629"
"16515";5034;5;"1,627"
"14759";5243;3;"1,626"
"16987";5212;7;"1,625"
"15172";5363;5;"1,624"
"14937";5367;3;"1,622"
"17101";5091;4;"1,622"
"14178";5060;7;"1,621"
"16801";5068;4;"1,620"
"18161";5214;5;"1,619"
"14336";5160;4;"1,615"
"16992";5305;5;"1,614"
"14312";5068;6;"1,612"
"14918";5156;2;"1,610"
"13614";5062;4;"1,610"
"12868";5040;6;"1,607"
"16817";5068;9;"1,605"
"12947";5096;6;"1,604"
"16466";5035;7;"1,603"
"14719";5092;5;"1,602"
"14587";5040;9;"1,601"
"15660";5372;9;"1,601"
"16496";5363;3;"1,600"
"13850";5336;1;"1,595"
"16332";5060;7;"1,593"
"17837";5061;8;"1,593"
"14970";5334;4;"1,592"
"16676";5097;4;"1,592"
"15611";5131;13;"1,591"
"18178";5280;4;"1,591"
"12393";5070;4;"1,583"
"12607";5092;1;"1,580"
"16889";5098;3;"1,579"
"13814";5154;2;"1,579"
"13186";5185;3;"1,576"
"13634";5067;5;"1,575"
"17671";5036;4;"1,573"
"16283";5063;5;"1,571"
"15906";5280;7;"1,568"
"12865";5155;2;"1,568"
"15111";5091;3;"1,567"
"17085";5155;5;"1,567"
"17204";5037;4;"1,565"
"18239";5250;5;"1,562"
"16394";5251;5;"1,555"
"13313";5158;5;"1,555"
"15620";5311;3;"1,553"
"15117";5063;5;"1,552"
"13320";5097;4;"1,549"
"14229";5101;3;"1,547"
"14704";5035;9;"1,547"
"16790";5060;6;"1,546"
"13397";5126;5;"1,544"
"15701";5182;4;"1,542"
"16365";5034;9;"1,540"
"12877";5186;12;"1,536"
"15392";5032;4;"1,536"
"15625";5367;4;"1,534"
"13107";5101;4;"1,532"
"14321";5101;5;"1,531"
"12759";5129;3;"1,531"
"14567";5367;2;"1,530"
"15916";5121;8;"1,528"
"16244";5036;2;"1,523"
"16066";5122;5;"1,522"
"13764";5223;3;"1,522"
"16434";5091;7;"1,522"
"13213";5126;5;"1,521"
"16880";5095;7;"1,519"
"13791";5277;2;"1,516"
"16748";5131;5;"1,516"
"16053";5124;2;"1,512"
"16910";5123;8;"1,510"
"16016";5212;8;"1,509"
"15265";5064;2;"1,506"
"15530";5190;4;"1,502"
"17571";5191;4;"1,499"
"13810";5060;3;"1,499"
"14414";5123;7;"1,497"
"17002";5158;3;"1,494"
"15057";5129;2;"1,490"
"13110";5152;7;"1,489"
"14963";5126;5;"1,488"
"13692";5097;3;"1,488"
"17553";5336;1;"1,488"
"16395";5092;5;"1,487"
"14878";5035;9;"1,486"
"18016";5183;5;"1,484"
"15427";5213;3;"1,483"
"17590";5182;3;"1,479"
"14403";5219;4;"1,476"
"12826";5091;7;"1,475"
"15983";5485;4;"1,475"
"14404";5213;6;"1,474"
"14246";5159;3;"1,474"
"15128";5092;4;"1,471"
"16348";5183;7;"1,469"
"14233";5036;4;"1,463"
"12882";5213;2;"1,463"
"14541";5031;8;"1,462"
"16059";5245;6;"1,460"
"13309";5032;5;"1,457"
"16996";5094;6;"1,457"
"13477";5036;6;"1,455"
"15987";5063;7;"1,451"
"14740";5372;3;"1,448"
"15426";5213;5;"1,447"
"14591";5097;4;"1,447"
"13461";5364;3;"1,445"
"13717";5183;6;"1,445"
"17175";5035;4;"1,444"
"14071";5152;8;"1,439"
"15858";5061;5;"1,439"
"13159";5363;4;"1,438"
"16503";5127;4;"1,432"
"13475";5219;4;"1,432"
"16103";5218;6;"1,430"
"16271";5182;5;"1,429"
"14035";5060;5;"1,428"
"15681";5060;5;"1,426"
"15106";5036;5;"1,423"
"14019";5335;3;"1,422"
"16571";5313;3;"1,422"
"14901";5032;9;"1,421"
"17288";5371;7;"1,420"
"14443";5342;4;"1,420"
"17856";5151;4;"1,418"
"16173";5123;6;"1,418"
"18116";5306;8;"1,418"
"14649";5066;4;"1,417"
"14748";5066;5;"1,416"
"16012";5187;3;"1,415"
"16245";5094;3;"1,414"
"17004";5154;2;"1,413"
"15237";5151;4;"1,412"
"15596";5127;5;"1,407"
"17083";5130;3;"1,406"
"14741";5697;6;"1,400"
"18202";5373;3;"1,397"
"13995";5159;5;"1,394"
"15051";5034;3;"1,392"
"13414";5248;3;"1,391"
"15898";5151;5;"1,389"
"16539";5182;4;"1,389"
"15453";5151;7;"1,388"
"12952";5273;4;"1,388"
"15134";5097;8;"1,388"
"17676";5031;6;"1,388"
"12775";5310;5;"1,386"
"18167";5274;3;"1,385"
"14116";5094;5;"1,383"
"14507";5158;6;"1,383"
"16389";5372;4;"1,382"
"12886";5280;2;"1,378"
"15569";5070;5;"1,376"
"14434";5092;6;"1,373"
"13813";5062;4;"1,367"
"14897";5032;4;"1,366"
"13396";5091;2;"1,361"
"14102";5273;5;"1,360"
"15411";5096;4;"1,359"
"13232";5035;7;"1,358"
"17054";5060;5;"1,356"
"14064";5036;5;"1,354"
"12646";5243;2;"1,347"
"12463";5037;4;"1,345"
"17372";5092;8;"1,343"
"16317";5033;3;"1,342"
"13743";5032;7;"1,342"
"16045";5033;4;"1,341"
"18177";5152;6;"1,341"
"15059";5131;9;"1,338"
"16110";5373;3;"1,337"
"12919";5034;6;"1,335"
"15680";5516;3;"1,334"
"17932";5036;3;"1,332"
"12676";5155;6;"1,331"
"16295";5031;4;"1,329"
"17633";5063;4;"1,325"
"12854";5037;3;"1,325"
"17095";5131;3;"1,324"
"16370";5096;4;"1,321"
"14794";5121;7;"1,320"
"13168";5305;4;"1,319"
"12526";5120;3;"1,317"
"14921";5121;2;"1,316"
"12576";5161;5;"1,316"
"14511";5154;5;"1,315"
"14738";5036;7;"1,314"
"16040";5245;3;"1,314"
"12364";5332;4;"1,313"
"12516";5035;2;"1,312"
"14856";5305;3;"1,311"
"14477";5157;4;"1,310"
"16120";5061;4;"1,309"
"14047";5193;5;"1,309"
"14297";5092;4;"1,305"
"12507";5187;3;"1,305"
"16744";5213;7;"1,305"
"14898";5100;6;"1,304"
"17919";5032;1;"1,304"
"15108";5218;4;"1,300"
"15494";5094;2;"1,299"
"15602";5060;9;"1,298"
"12372";5066;3;"1,298"
"17961";5032;39;"1,296"
"16929";5187;7;"1,295"
"16224";5281;4;"1,295"
"15621";5243;4;"1,293"
"15171";5040;1;"1,290"
"15136";5182;4;"1,287"
"17350";5363;4;"1,286"
"16949";5188;6;"1,286"
"17802";5035;3;"1,285"
"16899";5062;6;"1,282"
"13538";5063;7;"1,281"
"16951";5161;3;"1,278"
"17019";5577;4;"1,273"
"12394";5184;2;"1,272"
"14669";5037;3;"1,270"
"13492";5127;3;"1,270"
"15199";5061;4;"1,269"
"14916";5185;4;"1,269"
"13431";5032;2;"1,269"
"17158";5183;3;"1,267"
"13989";5245;2;"1,266"
"16842";5100;3;"1,264"
"16688";5092;4;"1,261"
"17388";5036;4;"1,260"
"14931";5243;5;"1,258"
"16639";5152;3;"1,258"
"17412";5061;7;"1,258"
"17481";5185;4;"1,256"
"13848";5154;3;"1,255"
"17262";5516;5;"1,253"
"14698";5151;5;"1,251"
"12689";5277;2;"1,248"
"13029";5121;3;"1,248"
"14383";5214;3;"1,248"
"13860";5151;5;"1,246"
"12494";5368;7;"1,246"
"16531";5277;7;"1,245"
"14428";5305;5;"1,245"
"17584";5277;2;"1,242"
"17731";5126;4;"1,240"
"12985";5060;2;"1,239"
"13476";5313;2;"1,238"
"13931";5246;2;"1,238"
"15201";5220;5;"1,237"
"14684";5158;5;"1,236"
"15376";5370;3;"1,233"
"15910";5120;8;"1,232"
"18080";5067;2;"1,232"
"18171";5031;5;"1,231"
"14913";5068;4;"1,227"
"12997";5032;4;"1,227"
"17774";5192;4;"1,225"
"13208";5031;6;"1,224"
"15841";5250;4;"1,224"
"16794";5035;10;"1,223"
"14745";5157;5;"1,220"
"15227";5158;5;"1,219"
"13491";5070;10;"1,216"
"17410";5031;5;"1,215"
"13055";5097;3;"1,214"
"18263";5187;3;"1,213"
"12464";5314;8;"1,212"
"17653";5063;4;"1,208"
"15737";5067;8;"1,205"
"17320";5577;3;"1,201"
"13158";5033;4;"1,201"
"17800";5068;9;"1,199"
"15605";5062;5;"1,198"
"13211";5246;3;"1,197"
"16042";5070;5;"1,197"
"17867";5121;6;"1,197"
"14487";5062;6;"1,196"
"17720";5547;4;"1,196"
"17526";5243;4;"1,196"
"15145";5243;4;"1,195"
"13882";5121;5;"1,191"
"12462";5130;2;"1,190"
"16612";5033;4;"1,188"
"13752";5127;6;"1,186"
"16950";5186;3;"1,179"
"12885";5155;3;"1,175"
"15306";5154;3;"1,174"
"14857";5061;2;"1,173"
"13611";5062;3;"1,172"
"18168";5100;6;"1,170"
"12358";5034;2;"1,168"
"13500";5124;3;"1,167"
"14737";5212;3;"1,165"
"14447";5282;5;"1,163"
"16714";5250;3;"1,162"
"17348";5060;5;"1,160"
"15088";5306;2;"1,160"
"16184";5036;6;"1,159"
"13499";5091;5;"1,159"
"14723";5305;6;"1,158"
"13744";5246;2;"1,156"
"16637";5092;4;"1,154"
"16062";5037;4;"1,154"
"12710";5276;3;"1,149"
"16766";5068;2;"1,146"
"17505";5368;2;"1,146"
"17770";5066;5;"1,143"
"18125";5091;4;"1,143"
"15985";5155;2;"1,142"
"13330";5154;3;"1,141"
"17135";5333;7;"1,140"
"16172";5037;5;"1,140"
"13819";5069;3;"1,140"
"17500";5091;3;"1,138"
"17302";5124;5;"1,136"
"17242";5035;2;"1,135"
"15489";5036;3;"1,134"
"17585";5254;4;"1,133"
"16989";5034;6;"1,133"
"13772";5213;3;"1,132"
"13282";5311;3;"1,132"
"13610";5098;7;"1,132"
"15500";5363;4;"1,132"
"13310";5060;3;"1,132"
"13447";5213;3;"1,129"
"14824";5123;4;"1,128"
"12609";5218;3;"1,127"
"14708";5156;3;"1,126"
"17470";5219;5;"1,125"
"14129";5151;5;"1,124"
"17562";5094;7;"1,122"
"16807";5158;3;"1,122"
"13486";5187;3;"1,122"
"16086";5061;5;"1,121"
"15730";5154;3;"1,121"
"14276";5035;3;"1,120"
"17894";5276;8;"1,120"
"12842";5283;2;"1,119"
"15716";5608;4;"1,119"
"13064";5032;4;"1,119"
"17788";5336;2;"1,118"
"13591";5214;3;"1,117"
"14971";5274;3;"1,117"
"16350";5101;4;"1,116"
"12679";5031;4;"1,113"
"17609";5100;5;"1,112"
"14161";5158;3;"1,111"
"14817";5191;2;"1,110"
"12399";5033;4;"1,109"
"16833";5131;4;"1,107"
"12857";5100;2;"1,106"
"14410";5154;9;"1,105"
"14948";5280;6;"1,102"
"14744";5061;7;"1,100"
"13104";5212;6;"1,098"
"17966";5064;5;"1,098"
"16533";5334;3;"1,096"
"16225";5191;5;"1,096"
"13652";5577;3;"1,095"
"15745";5213;4;"1,095"
"15608";5060;4;"1,094"
"13521";5151;3;"1,094"
"12534";5367;1;"1,089"
"15763";5152;2;"1,087"
"13467";5305;2;"1,084"
"16200";5243;2;"1,081"
"14561";5157;3;"1,081"
"15197";5371;3;"1,080"
"13726";5364;2;"1,080"
"13715";5254;5;"1,079"
"14352";5068;4;"1,079"
"16094";5091;4;"1,078"
"13131";5249;3;"1,073"
"15238";5091;3;"1,072"
"15712";5126;5;"1,072"
"17522";5126;5;"1,071"
"13635";5306;1;"1,071"
"14212";5062;1;"1,070"
"16918";5184;6;"1,069"
"17214";5092;6;"1,069"
"15027";5121;4;"1,066"
"15801";5092;3;"1,064"
"14488";5306;1;"1,064"
"12951";5251;6;"1,064"
"17287";5371;7;"1,064"
"16214";5371;3;"1,063"
"14411";5342;1;"1,063"
"15996";5032;6;"1,061"
"15706";5184;4;"1,061"
"14465";5100;3;"1,059"
"18130";5060;3;"1,059"
"13455";5516;2;"1,058"
"14419";5092;6;"1,058"
"15407";5126;4;"1,056"
"14514";5040;3;"1,055"
"14583";5188;5;"1,053"
"12716";5212;2;"1,053"
"12849";5152;2;"1,051"
"14224";5158;4;"1,050"
"15464";5254;1;"1,049"
"14078";5097;6;"1,049"
"15839";5213;3;"1,048"
"14293";5192;4;"1,047"
"15777";5037;4;"1,047"
"16520";5218;3;"1,047"
"17042";5094;5;"1,044"
"15192";5033;3;"1,044"
"15073";5188;3;"1,043"
"14389";5245;2;"1,043"
"14584";5126;4;"1,042"
"13719";5213;5;"1,042"
"18221";5036;5;"1,042"
"15434";5152;5;"1,041"
"14446";5060;4;"1,040"
"16175";5215;4;"1,038"
"16320";5097;2;"1,038"
"12691";5031;6;"1,036"
"12599";5064;7;"1,033"
"12724";5070;4;"1,031"
"17405";5034;3;"1,031"
"12717";5064;2;"1,031"
"13235";5066;1;"1,031"
"13253";5217;2;"1,030"
"17033";5127;3;"1,030"
"16682";5154;5;"1,028"
"15104";5341;2;"1,027"
"13956";5098;5;"1,026"
"16160";5245;2;"1,025"
"14904";5182;2;"1,025"
"15658";5314;5;"1,024"
"17096";5031;4;"1,022"
"14346";5063;2;"1,022"
"12572";5363;2;"1,020"
"13376";5366;3;"1,020"
"18142";5158;2;"1,020"
"12828";5182;6;"1,019"
"14083";5068;9;"1,018"
"13728";5305;6;"1,016"
"13867";5152;3;"1,015"
"17197";5091;1;"1,013"
"12739";5366;2;"1,013"
"14775";5031;3;"1,012"
"14195";5371;2;"1,012"
"16229";5066;2;"1,011"
"16572";5064;3;"1,010"
"16174";5064;3;"1,010"
"17951";5728;3;"1,009"
"17646";5280;3;"1,008"
"13429";5092;4;"1,007"
"17126";5095;5;"1,005"
"14214";5121;5;"1,004"
"13410";5249;5;"1,003"
"15508";5280;6;"1,000"
